TravelID,policyStart,PolicyEnd,TravelType
1142,8/14/2020,9/13/2020,Backpacker
4323,8/26/2020,9/25/2020,Backpacker
7078,8/6/2020,9/5/2020,Backpacker
1397,8/12/2020,9/11/2020,Backpacker
7545,7/23/2020,8/22/2020,Backpacker
3970,8/11/2020,9/10/2020,Backpacker
9032,8/5/2020,9/4/2020,Backpacker
9240,8/3/2020,9/2/2020,Backpacker
1859,8/24/2020,9/23/2020,Backpacker
6762,7/5/2020,8/4/2020,Backpacker
3880,7/23/2020,8/22/2020,Backpacker
5925,7/6/2020,8/5/2020,Backpacker
4938,7/29/2020,8/28/2020,Backpacker
6192,7/4/2020,8/3/2020,Backpacker
9699,8/17/2020,9/16/2020,Backpacker
5491,8/24/2020,9/23/2020,Backpacker
2724,8/18/2020,9/17/2020,Backpacker
7562,8/14/2020,9/13/2020,Backpacker
7961,7/12/2020,8/11/2020,Backpacker
5512,8/5/2020,9/4/2020,Backpacker
4519,7/21/2020,8/20/2020,Backpacker
7781,8/30/2020,9/29/2020,Backpacker
3523,8/3/2020,9/2/2020,Backpacker
6827,8/8/2020,9/7/2020,Backpacker
6700,7/31/2020,8/30/2020,Backpacker
7039,7/28/2020,8/27/2020,Backpacker
2558,7/20/2020,8/19/2020,Backpacker
5336,7/29/2020,8/28/2020,Backpacker
3346,7/16/2020,8/15/2020,Backpacker
3991,8/4/2020,9/3/2020,Backpacker
1611,7/4/2020,8/3/2020,Backpacker
4761,8/29/2020,9/28/2020,Backpacker
6554,8/13/2020,9/12/2020,Backpacker
7377,8/16/2020,9/15/2020,Backpacker
1189,8/29/2020,9/28/2020,Backpacker
7391,7/6/2020,8/5/2020,Backpacker
5366,7/23/2020,8/22/2020,Backpacker
4926,8/29/2020,9/28/2020,Backpacker
9110,7/15/2020,8/14/2020,Backpacker
8734,7/18/2020,8/17/2020,Backpacker
2649,7/31/2020,8/30/2020,Backpacker
3893,8/28/2020,9/27/2020,Backpacker
5210,7/20/2020,8/19/2020,Backpacker
5664,8/17/2020,9/16/2020,Backpacker
2569,8/31/2020,9/30/2020,Backpacker
2010,7/28/2020,8/27/2020,Backpacker
1423,7/23/2020,8/22/2020,Backpacker
9523,8/15/2020,9/14/2020,Backpacker
4365,8/8/2020,9/7/2020,Backpacker
4408,8/5/2020,9/4/2020,Backpacker
6051,8/5/2020,9/4/2020,Backpacker
3892,7/23/2020,8/22/2020,Backpacker
7645,8/7/2020,9/6/2020,Backpacker
8652,8/15/2020,9/14/2020,Backpacker
3836,8/12/2020,9/11/2020,Backpacker
3929,8/26/2020,9/25/2020,Backpacker
6407,8/19/2020,9/18/2020,Backpacker
7586,7/26/2020,8/25/2020,Backpacker
1618,7/4/2020,8/3/2020,Backpacker
5716,8/3/2020,9/2/2020,Backpacker
9469,8/6/2020,9/5/2020,Backpacker
3422,8/14/2020,9/13/2020,Backpacker
3054,7/9/2020,8/8/2020,Backpacker
6165,7/31/2020,8/30/2020,Backpacker
3127,8/28/2020,9/27/2020,Backpacker
4501,8/21/2020,9/20/2020,Backpacker
1389,7/20/2020,8/19/2020,Backpacker
1439,7/24/2020,8/23/2020,Backpacker
2650,7/24/2020,8/23/2020,Backpacker
1899,7/1/2020,7/31/2020,Backpacker
1602,7/9/2020,8/8/2020,Backpacker
1197,7/10/2020,8/9/2020,Backpacker
3779,8/4/2020,9/3/2020,Backpacker
9538,8/27/2020,9/26/2020,Backpacker
7499,7/21/2020,8/20/2020,Backpacker
9894,7/12/2020,8/11/2020,Backpacker
7631,8/17/2020,9/16/2020,Backpacker
5316,8/27/2020,9/26/2020,Backpacker
9956,8/7/2020,9/6/2020,Backpacker
9190,7/27/2020,8/26/2020,Backpacker
1504,8/11/2020,9/10/2020,Backpacker
6338,7/18/2020,8/17/2020,Backpacker
4121,7/28/2020,8/27/2020,Backpacker
9267,8/2/2020,9/1/2020,Backpacker
6046,8/9/2020,9/8/2020,Backpacker
8868,8/31/2020,9/30/2020,Backpacker
5206,7/18/2020,8/17/2020,Backpacker
2423,8/21/2020,9/20/2020,Backpacker
1520,8/26/2020,9/25/2020,Backpacker
6080,7/29/2020,8/28/2020,Backpacker
5706,8/15/2020,9/14/2020,Backpacker
8746,7/26/2020,8/25/2020,Backpacker
1016,7/31/2020,8/30/2020,Backpacker
7481,7/18/2020,8/17/2020,Backpacker
1766,8/16/2020,9/15/2020,Backpacker
2022,7/1/2020,7/31/2020,Backpacker
2604,7/28/2020,8/27/2020,Backpacker
5885,8/14/2020,9/13/2020,Backpacker
9154,7/4/2020,8/3/2020,Backpacker
1340,7/31/2020,8/30/2020,Backpacker
3709,8/10/2020,9/9/2020,Backpacker
9810,7/29/2020,8/28/2020,Backpacker
6321,8/18/2020,9/17/2020,Backpacker
4165,8/20/2020,9/19/2020,Backpacker
8209,8/9/2020,9/8/2020,Backpacker
3399,8/28/2020,9/27/2020,Backpacker
7408,7/9/2020,8/8/2020,Backpacker
1945,7/31/2020,8/30/2020,Backpacker
5564,8/29/2020,9/28/2020,Backpacker
8405,8/9/2020,9/8/2020,Backpacker
3366,7/6/2020,8/5/2020,Backpacker
8172,8/1/2020,8/31/2020,Backpacker
5323,8/19/2020,9/18/2020,Backpacker
7425,8/12/2020,9/11/2020,Backpacker
8164,8/20/2020,9/19/2020,Backpacker
2518,7/11/2020,8/10/2020,Backpacker
1798,7/5/2020,8/4/2020,Backpacker
1186,7/9/2020,8/8/2020,Backpacker
6699,8/6/2020,9/5/2020,Backpacker
2511,8/16/2020,9/15/2020,Backpacker
4924,8/14/2020,9/13/2020,Backpacker
2701,8/17/2020,9/16/2020,Backpacker
5772,7/4/2020,8/3/2020,Backpacker
6795,8/7/2020,9/6/2020,Backpacker
5514,7/5/2020,8/4/2020,Backpacker
7483,7/30/2020,8/29/2020,Backpacker
5368,7/8/2020,8/7/2020,Backpacker
1482,8/24/2020,9/23/2020,Backpacker
4965,7/30/2020,8/29/2020,Backpacker
8136,7/2/2020,8/1/2020,Backpacker
9127,7/8/2020,8/7/2020,Backpacker
9694,8/3/2020,9/2/2020,Backpacker
7776,8/4/2020,9/3/2020,Backpacker
9250,7/20/2020,8/19/2020,Backpacker
5344,8/2/2020,9/1/2020,Backpacker
5746,7/16/2020,8/15/2020,Backpacker
9316,8/21/2020,9/20/2020,Backpacker
7349,7/14/2020,8/13/2020,Backpacker
7236,7/20/2020,8/19/2020,Backpacker
1305,8/3/2020,9/2/2020,Backpacker
2856,8/20/2020,9/19/2020,Backpacker
8077,8/8/2020,9/7/2020,Backpacker
2549,8/9/2020,9/8/2020,Backpacker
7810,8/4/2020,9/3/2020,Backpacker
7168,7/12/2020,8/11/2020,Backpacker
1609,7/23/2020,8/22/2020,Backpacker
9272,8/18/2020,9/17/2020,Backpacker
4836,8/2/2020,9/1/2020,Backpacker
1415,7/24/2020,8/23/2020,Backpacker
7266,8/12/2020,9/11/2020,Backpacker
8930,7/5/2020,8/4/2020,Backpacker
7317,7/19/2020,8/18/2020,Backpacker
5093,8/31/2020,9/30/2020,Backpacker
6707,8/21/2020,9/20/2020,Backpacker
9908,7/9/2020,8/8/2020,Backpacker
6624,7/18/2020,8/17/2020,Backpacker
3915,8/5/2020,9/4/2020,Backpacker
7883,7/27/2020,8/6/2020,Backpacker
8566,8/28/2020,9/7/2020,Backpacker
6934,8/22/2020,9/1/2020,Backpacker
6215,7/30/2020,8/9/2020,Backpacker
3395,8/1/2020,8/11/2020,Backpacker
7765,7/26/2020,8/5/2020,Backpacker
7998,8/18/2020,8/28/2020,Backpacker
8578,7/14/2020,7/24/2020,Backpacker
6305,8/7/2020,8/17/2020,Backpacker
7866,8/30/2020,9/9/2020,Backpacker
8370,8/4/2020,8/14/2020,Backpacker
7514,7/24/2020,8/3/2020,Backpacker
5450,8/19/2020,8/29/2020,Backpacker
6159,7/17/2020,7/27/2020,Backpacker
1181,8/16/2020,8/26/2020,Backpacker
9823,7/8/2020,7/18/2020,Backpacker
8783,8/31/2020,9/10/2020,Backpacker
5473,7/9/2020,7/19/2020,Backpacker
9234,7/1/2020,7/11/2020,Backpacker
4067,8/21/2020,8/31/2020,Backpacker
3906,8/7/2020,8/17/2020,Backpacker
5257,7/31/2020,8/10/2020,Backpacker
4217,8/13/2020,8/23/2020,Backpacker
6801,7/19/2020,7/29/2020,Backpacker
9727,7/19/2020,7/29/2020,Backpacker
5480,8/27/2020,9/6/2020,Backpacker
1416,8/7/2020,8/17/2020,Backpacker
3004,8/22/2020,9/1/2020,Backpacker
9921,8/16/2020,8/26/2020,Backpacker
1475,8/28/2020,9/7/2020,Backpacker
3342,8/19/2020,8/29/2020,Backpacker
6504,8/20/2020,8/30/2020,Backpacker
9112,8/27/2020,9/6/2020,Backpacker
8510,7/5/2020,7/15/2020,Backpacker
5184,8/29/2020,9/8/2020,Backpacker
7717,7/6/2020,7/16/2020,Backpacker
5009,8/3/2020,8/13/2020,Backpacker
3047,8/17/2020,8/27/2020,Backpacker
9230,7/30/2020,8/9/2020,Backpacker
2952,7/8/2020,7/18/2020,Backpacker
4759,8/11/2020,8/21/2020,Backpacker
2451,8/20/2020,8/30/2020,Backpacker
2870,8/7/2020,8/17/2020,Backpacker
6999,8/28/2020,9/7/2020,Backpacker
7304,7/26/2020,8/9/2020,Backpacker
1732,7/18/2020,8/1/2020,Backpacker
2171,7/28/2020,8/11/2020,Backpacker
7911,7/15/2020,7/29/2020,Backpacker
9818,7/12/2020,7/26/2020,Backpacker
2332,8/22/2020,9/5/2020,Backpacker
4577,8/12/2020,8/26/2020,Backpacker
8437,8/11/2020,8/25/2020,Backpacker
5365,8/30/2020,9/13/2020,Backpacker
3765,8/31/2020,9/14/2020,Backpacker
3882,8/15/2020,8/29/2020,Backpacker
6911,7/16/2020,7/30/2020,Backpacker
8283,7/22/2020,8/5/2020,Backpacker
1118,7/20/2020,8/3/2020,Backpacker
4077,8/27/2020,9/10/2020,Backpacker
2108,7/8/2020,7/22/2020,Backpacker
1104,7/21/2020,8/4/2020,Backpacker
2246,7/23/2020,8/6/2020,Backpacker
1035,7/10/2020,7/24/2020,Backpacker
8348,7/9/2020,7/23/2020,Backpacker
8869,7/16/2020,7/30/2020,Backpacker
8367,8/20/2020,9/3/2020,Backpacker
6693,7/22/2020,8/5/2020,Backpacker
8584,7/29/2020,8/12/2020,Backpacker
5279,7/11/2020,7/25/2020,Backpacker
3454,7/2/2020,7/16/2020,Backpacker
1317,8/11/2020,8/25/2020,Backpacker
6550,8/10/2020,8/24/2020,Backpacker
5576,7/25/2020,8/8/2020,Backpacker
9465,7/11/2020,7/25/2020,Backpacker
4575,7/10/2020,7/24/2020,Backpacker
7109,7/22/2020,8/5/2020,Backpacker
1368,8/11/2020,8/25/2020,Backpacker
7166,7/24/2020,8/7/2020,Backpacker
6185,7/31/2020,8/14/2020,Backpacker
9323,7/1/2020,7/15/2020,Backpacker
3472,7/7/2020,7/21/2020,Backpacker
6087,8/26/2020,9/9/2020,Backpacker
6142,7/8/2020,7/22/2020,Backpacker
4114,8/6/2020,8/20/2020,Backpacker
8795,7/3/2020,7/17/2020,Backpacker
6397,8/20/2020,9/3/2020,Backpacker
6336,8/28/2020,9/11/2020,Backpacker
2935,7/26/2020,8/9/2020,Backpacker
2227,7/27/2020,8/10/2020,Backpacker
1188,8/3/2020,8/17/2020,Backpacker
1768,8/12/2020,8/26/2020,Backpacker
9693,7/29/2020,8/12/2020,Backpacker
6973,7/31/2020,8/14/2020,Backpacker
8210,7/18/2020,8/1/2020,Backpacker
6004,8/18/2020,9/1/2020,Backpacker
2977,8/22/2020,9/5/2020,Backpacker
6922,8/4/2020,8/18/2020,Backpacker
9159,7/17/2020,7/31/2020,Backpacker
5440,7/30/2020,8/13/2020,Backpacker
7380,8/15/2020,8/29/2020,Backpacker
3647,7/15/2020,7/29/2020,Backpacker
9273,8/6/2020,8/20/2020,Backpacker
1165,7/25/2020,8/8/2020,Backpacker
2971,8/4/2020,8/18/2020,Backpacker
6799,8/9/2020,8/23/2020,Backpacker
3208,8/6/2020,8/20/2020,Backpacker
3520,8/16/2020,8/30/2020,Backpacker
3164,7/14/2020,7/28/2020,Backpacker
1982,7/7/2020,7/21/2020,Backpacker
3613,8/10/2020,8/24/2020,Backpacker
5097,8/15/2020,8/29/2020,Backpacker
9711,8/12/2020,8/26/2020,Backpacker
7878,7/13/2020,7/27/2020,Backpacker
8646,8/25/2020,9/8/2020,Backpacker
4875,8/15/2020,8/29/2020,Backpacker
1579,7/23/2020,8/6/2020,Backpacker
5918,7/25/2020,8/8/2020,Backpacker
5851,7/13/2020,7/27/2020,Backpacker
6230,8/23/2020,9/6/2020,Backpacker
9651,7/24/2020,8/7/2020,Backpacker
6840,8/30/2020,9/13/2020,Backpacker
2929,7/31/2020,8/14/2020,Backpacker
1479,8/7/2020,8/21/2020,Backpacker
4104,7/19/2020,8/2/2020,Backpacker
4093,8/19/2020,9/2/2020,Backpacker
8440,7/3/2020,7/17/2020,Backpacker
5957,8/20/2020,9/3/2020,Backpacker
6372,7/16/2020,7/30/2020,Backpacker
8992,8/13/2020,8/27/2020,Backpacker
3569,8/5/2020,8/19/2020,Backpacker
9788,7/24/2020,8/7/2020,Backpacker
2150,8/1/2020,8/15/2020,Backpacker
6630,8/24/2020,9/7/2020,Backpacker
2779,7/23/2020,8/6/2020,Backpacker
9527,7/8/2020,7/22/2020,Backpacker
2173,7/28/2020,8/11/2020,Backpacker
9536,8/6/2020,8/20/2020,Backpacker
5916,7/18/2020,8/1/2020,Backpacker
8000,8/22/2020,9/5/2020,Backpacker
7920,7/17/2020,7/31/2020,Backpacker
5400,8/14/2020,8/28/2020,Backpacker
7143,8/18/2020,9/1/2020,Backpacker
3216,7/25/2020,8/8/2020,Backpacker
9968,8/30/2020,9/13/2020,Backpacker
1223,8/29/2020,9/12/2020,Backpacker
2613,8/8/2020,8/22/2020,Backpacker
3368,8/21/2020,9/4/2020,Backpacker
3854,8/29/2020,9/12/2020,Backpacker
2382,8/5/2020,8/19/2020,Backpacker
6225,8/19/2020,9/2/2020,Backpacker
7216,8/14/2020,8/28/2020,Backpacker
2546,7/29/2020,8/12/2020,Backpacker
4089,8/2/2020,8/16/2020,Backpacker
9232,7/24/2020,8/7/2020,Backpacker
3323,7/21/2020,8/4/2020,Backpacker
5078,7/9/2020,7/23/2020,Backpacker
9950,8/8/2020,8/22/2020,Backpacker
3418,7/12/2020,7/26/2020,Backpacker
6499,8/1/2020,8/15/2020,Backpacker
2084,7/29/2020,8/12/2020,Backpacker
6151,7/4/2020,7/18/2020,Backpacker
1402,7/22/2020,8/5/2020,Backpacker
3500,8/18/2020,9/1/2020,Backpacker
2253,8/16/2020,8/30/2020,Backpacker
8532,7/23/2020,8/6/2020,Backpacker
1801,7/20/2020,8/3/2020,Backpacker
6258,8/13/2020,8/27/2020,Backpacker
4193,8/10/2020,8/24/2020,Backpacker
6701,7/2/2020,7/16/2020,Backpacker
6650,8/21/2020,9/4/2020,Backpacker
1119,8/19/2020,9/2/2020,Backpacker
3003,7/28/2020,8/11/2020,Backpacker
1318,8/28/2020,9/11/2020,Backpacker
8827,8/3/2020,8/17/2020,Backpacker
9993,8/25/2020,9/8/2020,Backpacker
1497,8/31/2020,9/14/2020,Backpacker
4686,8/7/2020,8/21/2020,Backpacker
6878,7/14/2020,7/28/2020,Backpacker
1265,8/18/2020,9/1/2020,Backpacker
2178,11/28/2020,11/29/2020,Business
9005,7/14/2020,7/17/2020,Business
9601,2/13/2020,2/14/2020,Business
9378,4/14/2020,4/15/2020,Business
4393,7/23/2020,7/24/2020,Business
2194,7/16/2020,7/20/2020,Business
9309,7/9/2020,7/13/2020,Business
8640,11/19/2020,11/23/2020,Business
2477,10/28/2020,10/31/2020,Business
1426,5/7/2020,5/12/2020,Business
7013,9/23/2020,9/26/2020,Business
9266,4/9/2020,4/14/2020,Business
4110,5/9/2020,5/11/2020,Business
6333,9/16/2020,9/17/2020,Business
5154,5/30/2020,5/31/2020,Business
1492,6/13/2020,6/18/2020,Business
5135,8/29/2020,8/30/2020,Business
6403,5/30/2020,6/3/2020,Business
1150,4/29/2020,5/4/2020,Business
8687,7/29/2020,8/2/2020,Business
8102,4/18/2020,4/22/2020,Business
8242,10/11/2020,10/16/2020,Business
2580,3/15/2020,3/19/2020,Business
7869,8/1/2020,8/6/2020,Business
7018,10/1/2020,10/6/2020,Business
8729,12/6/2020,12/8/2020,Business
5483,4/17/2020,4/21/2020,Business
7935,12/21/2020,12/25/2020,Business
9246,7/29/2020,7/31/2020,Business
9431,5/17/2020,5/21/2020,Business
1462,3/18/2020,3/22/2020,Business
4458,4/20/2020,4/25/2020,Business
6476,6/22/2020,6/26/2020,Business
1739,8/13/2020,8/16/2020,Business
9354,5/2/2020,5/6/2020,Business
9262,2/9/2020,2/12/2020,Business
2257,12/20/2020,12/21/2020,Business
8543,4/9/2020,4/14/2020,Business
2092,4/29/2020,5/4/2020,Business
6161,2/19/2020,2/24/2020,Business
9167,10/23/2020,10/26/2020,Business
7712,5/29/2020,6/3/2020,Business
8774,1/3/2020,1/7/2020,Business
2158,2/27/2020,3/4/2020,Business
6688,5/10/2020,5/12/2020,Business
9515,4/23/2020,4/25/2020,Business
3864,6/4/2020,6/7/2020,Business
8363,7/8/2020,7/13/2020,Business
3898,8/10/2020,8/11/2020,Business
7014,12/3/2020,12/4/2020,Business
2062,3/27/2020,3/30/2020,Business
7830,11/10/2020,11/12/2020,Business
6097,6/20/2020,6/21/2020,Business
1997,3/13/2020,3/17/2020,Business
9495,4/3/2020,4/6/2020,Business
5230,4/28/2020,5/1/2020,Business
4966,10/5/2020,10/7/2020,Business
3736,9/19/2020,9/23/2020,Business
1707,3/5/2020,3/10/2020,Business
5732,1/30/2020,2/2/2020,Business
8318,5/18/2020,5/19/2020,Business
5623,5/4/2020,5/5/2020,Business
4834,1/7/2020,1/12/2020,Business
6684,8/16/2020,8/19/2020,Business
4402,4/6/2020,4/9/2020,Business
8778,2/20/2020,2/22/2020,Business
9313,4/25/2020,4/28/2020,Business
9019,7/14/2020,7/19/2020,Business
3876,1/3/2020,1/6/2020,Business
8927,6/13/2020,6/17/2020,Business
7002,2/15/2020,2/20/2020,Business
3793,9/18/2020,9/23/2020,Business
2176,6/18/2020,6/22/2020,Business
8344,5/29/2020,6/2/2020,Business
7890,7/8/2020,7/9/2020,Business
9576,11/8/2020,11/9/2020,Business
9422,6/30/2020,7/4/2020,Business
3800,7/16/2020,7/17/2020,Business
8644,7/19/2020,7/24/2020,Business
4356,11/14/2020,11/16/2020,Business
3672,9/2/2020,9/4/2020,Business
5414,4/24/2020,4/29/2020,Business
3470,5/26/2020,5/27/2020,Business
9522,7/24/2020,7/28/2020,Business
2968,5/16/2020,5/17/2020,Business
3958,12/30/2020,1/3/2021,Business
9038,6/8/2020,6/10/2020,Business
6438,5/1/2020,5/4/2020,Business
8561,5/2/2020,5/5/2020,Business
2151,12/8/2020,12/12/2020,Business
2509,7/22/2020,7/27/2020,Business
6633,2/15/2020,2/18/2020,Business
8890,7/21/2020,7/25/2020,Business
4616,1/7/2020,1/9/2020,Business
8882,10/16/2020,10/18/2020,Business
8241,10/11/2020,10/13/2020,Business
7050,3/25/2020,3/27/2020,Business
9861,2/25/2020,2/26/2020,Business
2772,7/6/2020,7/9/2020,Business
1695,1/25/2020,1/29/2020,Business
5503,9/9/2020,9/12/2020,Business
5129,2/19/2020,2/22/2020,Business
3788,4/24/2020,4/27/2020,Business
4352,5/14/2020,5/15/2020,Business
9122,4/12/2020,4/14/2020,Business
6974,1/16/2020,1/21/2020,Business
8866,9/15/2020,9/20/2020,Business
3442,5/15/2020,5/20/2020,Business
6744,5/2/2020,5/6/2020,Business
7639,10/5/2020,10/8/2020,Business
7755,5/10/2020,5/11/2020,Business
1208,1/24/2020,1/27/2020,Business
4932,7/19/2020,7/21/2020,Business
8515,11/6/2020,11/9/2020,Business
3458,12/12/2020,12/14/2020,Business
2096,7/17/2020,7/21/2020,Business
5830,2/23/2020,2/25/2020,Business
7689,5/7/2020,5/11/2020,Business
1184,9/27/2020,10/1/2020,Business
6508,8/15/2020,8/17/2020,Business
4148,6/30/2020,7/4/2020,Business
5148,10/28/2020,10/29/2020,Business
6350,6/27/2020,6/28/2020,Business
7075,9/29/2020,10/2/2020,Business
6032,6/30/2020,7/5/2020,Business
7255,10/13/2020,10/18/2020,Business
8220,9/11/2020,9/16/2020,Business
1853,1/27/2020,1/29/2020,Business
8856,1/21/2020,1/24/2020,Business
8604,1/8/2020,1/11/2020,Business
4191,7/2/2020,7/6/2020,Business
8943,12/26/2020,12/28/2020,Business
8055,1/4/2020,1/6/2020,Business
4814,10/7/2020,10/9/2020,Business
1095,12/8/2020,12/10/2020,Business
3973,10/13/2020,10/18/2020,Business
8214,1/7/2020,1/10/2020,Business
4345,2/27/2020,3/1/2020,Business
7798,9/5/2020,9/8/2020,Business
7047,2/1/2020,2/2/2020,Business
1326,7/15/2020,7/16/2020,Business
5103,6/22/2020,6/26/2020,Business
3844,4/19/2020,4/24/2020,Business
4812,1/9/2020,1/12/2020,Business
6201,10/20/2020,10/22/2020,Business
1791,8/19/2020,8/23/2020,Business
3951,11/25/2020,11/27/2020,Business
8663,5/12/2020,5/17/2020,Business
1344,10/28/2020,11/2/2020,Business
8821,1/18/2020,1/22/2020,Business
3078,7/18/2020,7/20/2020,Business
4203,6/22/2020,6/24/2020,Business
7257,6/19/2020,6/24/2020,Business
1771,12/1/2020,12/3/2020,Business
9670,9/30/2020,10/1/2020,Business
3510,5/25/2020,5/29/2020,Business
4004,12/31/2020,1/3/2021,Business
1131,11/3/2020,11/7/2020,Business
9041,11/15/2020,11/20/2020,Business
4960,7/27/2020,7/28/2020,Business
1582,1/29/2020,1/30/2020,Business
3123,2/25/2020,3/2/2020,Business
2282,10/20/2020,10/23/2020,Business
8128,1/3/2020,1/7/2020,Business
5930,5/9/2020,5/11/2020,Business
3711,3/4/2020,3/9/2020,Business
6233,4/10/2020,4/12/2020,Business
7616,7/17/2020,7/19/2020,Business
6208,4/6/2020,4/10/2020,Business
2362,10/26/2020,10/27/2020,Business
6486,10/19/2020,10/24/2020,Business
7284,1/24/2020,1/25/2020,Business
7036,6/1/2020,6/5/2020,Business
1980,4/5/2020,4/9/2020,Business
8782,9/21/2020,9/25/2020,Business
9698,6/30/2020,7/5/2020,Business
6829,6/27/2020,7/2/2020,Business
7077,3/1/2020,3/5/2020,Business
3560,10/8/2020,10/12/2020,Business
7728,2/23/2020,2/27/2020,Business
8143,11/17/2020,11/19/2020,Business
1961,7/30/2020,8/3/2020,Business
1044,7/3/2020,7/7/2020,Business
4426,7/23/2020,7/25/2020,Business
7157,8/17/2020,8/20/2020,Business
2471,10/16/2020,10/19/2020,Business
1512,11/23/2020,11/28/2020,Business
3488,3/1/2020,3/6/2020,Business
6807,8/22/2020,8/25/2020,Business
5314,4/17/2020,4/20/2020,Business
9209,10/29/2020,10/31/2020,Business
9896,11/22/2020,11/26/2020,Business
2494,2/21/2020,2/23/2020,Business
6432,11/3/2020,11/4/2020,Business
4534,6/19/2020,6/20/2020,Business
3077,8/15/2020,8/16/2020,Business
1251,11/14/2020,11/16/2020,Business
4130,4/11/2020,4/12/2020,Business
7633,2/8/2020,2/12/2020,Business
6359,8/26/2020,8/28/2020,Business
1146,4/25/2020,4/29/2020,Business
4503,8/7/2020,8/8/2020,Business
2233,12/28/2020,1/1/2021,Business
8664,6/18/2020,6/19/2020,Business
1702,9/2/2020,9/3/2020,Business
9075,10/9/2020,10/11/2020,Business
8297,7/9/2020,7/13/2020,Business
1960,9/19/2020,9/24/2020,Business
4208,7/10/2020,7/15/2020,Business
2849,6/29/2020,7/1/2020,Business
5301,12/28/2020,1/2/2021,Business
6140,4/15/2020,4/16/2020,Business
1332,7/13/2020,7/14/2020,Business
7767,8/14/2020,8/16/2020,Business
6626,2/11/2020,2/15/2020,Business
3903,5/5/2020,5/6/2020,Business
4145,9/1/2020,9/3/2020,Business
8742,4/11/2020,4/16/2020,Business
3338,9/4/2020,9/7/2020,Business
5796,7/1/2020,7/3/2020,Business
6175,4/8/2020,4/11/2020,Business
8040,1/4/2020,1/9/2020,Business
3531,4/25/2020,4/27/2020,Business
7612,10/4/2020,10/7/2020,Business
7164,1/16/2020,1/20/2020,Business
7426,4/30/2020,5/2/2020,Business
9281,12/22/2020,12/23/2020,Business
4699,4/26/2020,4/30/2020,Business
2345,9/10/2020,9/15/2020,Business
7019,11/22/2020,11/25/2020,Business
7173,8/15/2020,8/20/2020,Business
6267,2/17/2020,2/18/2020,Business
7884,2/28/2020,3/3/2020,Business
8556,6/28/2020,7/1/2020,Business
9773,10/4/2020,10/6/2020,Business
7862,4/26/2020,4/27/2020,Business
6146,3/6/2020,3/8/2020,Business
4602,6/9/2020,6/10/2020,Business
9371,5/27/2020,5/31/2020,Business
5413,7/3/2020,7/6/2020,Business
3955,2/21/2020,2/22/2020,Business
7321,2/5/2020,2/6/2020,Business
6189,9/25/2020,9/26/2020,Business
6026,12/16/2020,12/21/2020,Business
4970,3/5/2020,3/10/2020,Business
4667,8/27/2020,8/28/2020,Business
3554,8/30/2020,9/2/2020,Business
6404,12/14/2020,12/15/2020,Business
5984,9/19/2020,9/22/2020,Business
5330,12/5/2020,12/7/2020,Business
9550,7/10/2020,7/13/2020,Business
3143,12/29/2020,1/2/2021,Business
2526,12/7/2020,12/12/2020,Business
2519,4/19/2020,4/20/2020,Business
7430,5/18/2020,5/23/2020,Business
3753,9/25/2020,9/30/2020,Business
1667,3/3/2020,3/6/2020,Business
8458,2/5/2020,2/7/2020,Business
7699,12/25/2020,12/28/2020,Business
2034,2/16/2020,2/21/2020,Business
2712,12/5/2020,12/10/2020,Business
4865,2/5/2020,2/10/2020,Business
6178,3/4/2020,3/7/2020,Business
4310,12/16/2020,12/21/2020,Business
6473,12/17/2020,12/22/2020,Business
3663,3/18/2020,3/22/2020,Business
6392,7/13/2020,7/15/2020,Business
1283,11/9/2020,11/10/2020,Business
7433,2/7/2020,2/12/2020,Business
5094,8/16/2020,8/17/2020,Business
4900,12/12/2020,12/15/2020,Business
2210,3/14/2020,3/17/2020,Business
7705,2/14/2020,2/17/2020,Business
8233,2/24/2020,2/26/2020,Business
3390,1/2/2020,1/4/2020,Business
9636,3/25/2020,3/29/2020,Business
5110,9/18/2020,9/21/2020,Business
4261,4/30/2020,5/3/2020,Business
8029,1/7/2020,1/11/2020,Business
1043,10/24/2020,10/26/2020,Business
9941,2/8/2020,2/10/2020,Business
8316,11/3/2020,11/4/2020,Business
8167,11/29/2020,12/1/2020,Business
9327,4/29/2020,5/1/2020,Business
3916,5/3/2020,5/4/2020,Business
6427,6/8/2020,6/11/2020,Business
7072,2/24/2020,2/27/2020,Business
9804,4/18/2020,4/22/2020,Business
5748,10/1/2020,10/6/2020,Business
6449,8/18/2020,8/23/2020,Business
5197,2/13/2020,2/17/2020,Business
6532,5/15/2020,5/20/2020,Business
6964,5/15/2020,5/19/2020,Business
8338,6/27/2020,7/2/2020,Business
7276,3/14/2020,3/15/2020,Business
2342,2/7/2020,2/8/2020,Business
7402,4/20/2020,4/21/2020,Business
1793,6/18/2020,6/22/2020,Business
4242,3/20/2020,3/22/2020,Business
7465,3/30/2020,4/3/2020,Business
7517,5/11/2020,5/16/2020,Business
4623,10/29/2020,11/1/2020,Business
4765,8/30/2020,9/2/2020,Business
2359,2/10/2020,2/14/2020,Business
4489,4/26/2020,4/29/2020,Business
1054,7/4/2020,7/8/2020,Business
1406,6/18/2020,6/19/2020,Business
4723,12/21/2020,12/26/2020,Business
2105,8/11/2020,8/13/2020,Business
6945,11/9/2020,11/13/2020,Business
3170,12/4/2020,12/5/2020,Business
2757,3/29/2020,3/31/2020,Business
5055,1/31/2020,2/4/2020,Business
7092,11/22/2020,11/25/2020,Business
1790,12/19/2020,12/23/2020,Business
7531,3/2/2020,3/4/2020,Business
8620,7/4/2020,7/9/2020,Business
6206,4/3/2020,4/6/2020,Business
1039,11/15/2020,11/20/2020,Business
2416,7/5/2020,7/8/2020,Business
3744,4/27/2020,4/28/2020,Business
7941,2/8/2020,2/9/2020,Business
2378,4/9/2020,4/11/2020,Business
6733,4/16/2020,4/18/2020,Business
4913,11/20/2020,11/25/2020,Business
9571,7/27/2020,7/28/2020,Business
4096,3/2/2020,3/7/2020,Business
2436,8/18/2020,8/22/2020,Business
9949,6/21/2020,6/23/2020,Business
7314,8/20/2020,8/21/2020,Business
9585,1/18/2020,1/22/2020,Business
1236,10/17/2020,10/20/2020,Business
7801,2/2/2020,2/4/2020,Business
3432,7/28/2020,7/30/2020,Business
2030,3/4/2020,3/8/2020,Business
2405,12/18/2020,12/23/2020,Business
7744,12/10/2020,12/11/2020,Business
3129,1/10/2020,1/15/2020,Business
4658,5/28/2020,6/2/2020,Business
3548,2/10/2020,2/14/2020,Business
3038,7/19/2020,7/21/2020,Business
8769,3/21/2020,3/22/2020,Business
4636,2/3/2020,2/4/2020,Business
9964,10/26/2020,10/29/2020,Business
3259,11/7/2020,11/8/2020,Business
1228,1/20/2020,1/25/2020,Business
1884,7/17/2020,7/20/2020,Business
7479,2/5/2020,2/8/2020,Business
8756,10/28/2020,11/1/2020,Business
5787,4/25/2020,4/28/2020,Business
3845,6/24/2020,6/25/2020,Business
1709,11/4/2020,11/6/2020,Business
2415,4/3/2020,4/4/2020,Business
2053,5/11/2020,5/12/2020,Business
8086,8/3/2020,8/4/2020,Business
5823,7/7/2020,7/8/2020,Business
1388,9/9/2020,9/12/2020,Business
9426,10/1/2020,10/5/2020,Business
6754,10/10/2020,10/14/2020,Business
2973,5/18/2020,5/19/2020,Business
3512,7/20/2020,7/21/2020,Business
4862,3/1/2020,3/2/2020,Business
2309,4/25/2020,4/27/2020,Business
2834,12/30/2020,1/4/2021,Business
9707,5/10/2020,5/15/2020,Business
8545,7/11/2020,7/14/2020,Business
7102,2/18/2020,2/22/2020,Business
3131,2/11/2020,2/15/2020,Business
3232,10/23/2020,10/24/2020,Business
2581,12/28/2020,1/2/2021,Business
7031,7/20/2020,7/24/2020,Business
4615,3/21/2020,3/23/2020,Business
5565,3/17/2020,3/22/2020,Business
2086,1/22/2020,1/25/2020,Business
4147,6/24/2020,6/27/2020,Business
6681,1/12/2020,1/14/2020,Business
6519,3/27/2020,3/29/2020,Business
1935,6/16/2020,6/18/2020,Business
8638,4/18/2020,4/23/2020,Business
9104,12/28/2020,12/30/2020,Business
3802,4/22/2020,4/25/2020,Business
1713,4/20/2020,4/22/2020,Business
2585,7/27/2020,7/31/2020,Business
4533,8/15/2020,8/19/2020,Business
7718,5/8/2020,5/13/2020,Business
1261,4/15/2020,4/19/2020,Business
6050,7/22/2020,7/24/2020,Business
7904,9/1/2020,9/3/2020,Business
8790,10/24/2020,10/25/2020,Business
9906,1/18/2020,1/21/2020,Business
6074,11/2/2020,11/5/2020,Business
5840,8/27/2020,8/29/2020,Business
2319,2/3/2020,2/4/2020,Business
1347,4/14/2020,4/17/2020,Business
1342,1/22/2020,1/27/2020,Business
2636,6/22/2020,6/23/2020,Business
1861,7/25/2020,7/26/2020,Business
1442,3/12/2020,3/14/2020,Business
1478,5/12/2020,5/16/2020,Business
5742,6/18/2020,6/19/2020,Business
6665,3/25/2020,3/29/2020,Business
7963,9/5/2020,9/9/2020,Business
8402,9/15/2020,9/19/2020,Business
4770,9/16/2020,9/21/2020,Business
9717,8/4/2020,8/6/2020,Business
4916,2/16/2020,2/20/2020,Business
3786,2/11/2020,2/16/2020,Business
6760,11/19/2020,11/24/2020,Business
1802,1/16/2020,1/20/2020,Business
2129,7/14/2020,7/19/2020,Business
2339,8/4/2020,8/5/2020,Business
8622,12/14/2020,12/15/2020,Business
8442,12/29/2020,1/3/2021,Business
1616,9/21/2020,9/25/2020,Business
3544,5/25/2020,5/30/2020,Business
3530,1/30/2020,2/2/2020,Business
9621,7/3/2020,7/5/2020,Business
9219,1/24/2020,1/28/2020,Business
6332,3/7/2020,3/12/2020,Business
1784,3/10/2020,3/12/2020,Business
3777,11/11/2020,11/15/2020,Business
8431,11/13/2020,11/17/2020,Business
1649,8/7/2020,8/9/2020,Business
3097,11/5/2020,11/10/2020,Business
5817,12/7/2020,12/8/2020,Business
6857,8/16/2020,8/18/2020,Business
5375,11/4/2020,11/9/2020,Business
1241,12/17/2020,12/19/2020,Business
3002,9/23/2020,9/25/2020,Business
4224,3/10/2020,3/15/2020,Business
9508,6/14/2020,6/16/2020,Business
4328,9/29/2020,10/3/2020,Business
6231,10/8/2020,10/11/2020,Business
9888,5/15/2020,5/20/2020,Business
7068,5/27/2020,5/31/2020,Business
1942,10/2/2020,10/5/2020,Business
6839,1/5/2020,1/7/2020,Business
9111,4/6/2020,4/9/2020,Business
2223,6/23/2020,6/25/2020,Business
2574,9/14/2020,9/18/2020,Business
2591,6/12/2020,6/15/2020,Business
8861,12/19/2020,12/24/2020,Business
8258,4/26/2020,4/29/2020,Business
5681,5/24/2020,5/28/2020,Business
3099,9/23/2020,9/25/2020,Business
2392,10/9/2020,10/13/2020,Business
3417,9/1/2020,9/5/2020,Business
3281,12/18/2020,12/22/2020,Business
8796,11/1/2020,11/5/2020,Business
9278,8/14/2020,8/18/2020,Business
1407,9/8/2020,9/10/2020,Business
8156,5/22/2020,5/25/2020,Business
2420,9/14/2020,9/18/2020,Business
5468,2/9/2020,2/11/2020,Business
8700,2/28/2020,3/1/2020,Business
8840,6/7/2020,6/11/2020,Business
3608,6/27/2020,7/1/2020,Business
8175,10/13/2020,10/14/2020,Business
5531,10/24/2020,10/28/2020,Business
6352,6/17/2020,6/19/2020,Business
3934,8/29/2020,9/2/2020,Business
8490,6/30/2020,7/1/2020,Business
2643,2/18/2020,2/21/2020,Business
2431,11/14/2020,11/19/2020,Business
3992,9/28/2020,9/30/2020,Business
3611,4/25/2020,4/27/2020,Business
9979,12/2/2020,12/7/2020,Business
9064,10/13/2020,10/14/2020,Business
2928,10/22/2020,10/24/2020,Business
1120,12/25/2020,12/26/2020,Business
4247,12/31/2020,1/3/2021,Business
5289,7/28/2020,8/1/2020,Business
3421,4/7/2020,4/8/2020,Business
6493,9/12/2020,9/16/2020,Business
4299,3/1/2020,3/2/2020,Business
8463,10/11/2020,10/12/2020,Business
9318,11/6/2020,11/9/2020,Business
2326,7/20/2020,7/23/2020,Business
2914,8/8/2020,8/13/2020,Business
1891,2/27/2020,3/2/2020,Business
8319,10/8/2020,10/11/2020,Business
4492,11/24/2020,11/27/2020,Business
9695,9/2/2020,9/3/2020,Business
7661,1/15/2020,1/18/2020,Business
6052,3/5/2020,3/8/2020,Business
2248,7/16/2020,7/19/2020,Business
7651,8/18/2020,8/21/2020,Business
4851,2/10/2020,2/15/2020,Business
5513,10/1/2020,10/6/2020,Business
8609,11/21/2020,11/24/2020,Business
7577,11/28/2020,11/30/2020,Business
3564,4/14/2020,4/16/2020,Business
7837,10/19/2020,10/22/2020,Business
7622,10/3/2020,10/6/2020,Business
6752,11/15/2020,11/19/2020,Business
5546,6/3/2020,6/5/2020,Business
4842,7/18/2020,7/21/2020,Business
6292,12/3/2020,12/4/2020,Business
9702,8/19/2020,8/23/2020,Business
8421,9/20/2020,9/22/2020,Business
2175,12/18/2020,12/22/2020,Business
7174,6/2/2020,6/6/2020,Business
8612,1/19/2020,1/20/2020,Business
6411,5/24/2020,5/29/2020,Business
1334,6/16/2020,6/19/2020,Business
5195,10/7/2020,10/12/2020,Business
2134,10/2/2020,10/3/2020,Business
9263,5/13/2020,5/16/2020,Business
9218,9/7/2020,9/20/2020,Business
9724,3/30/2020,4/4/2020,Business
4078,4/4/2020,4/5/2020,Business
6557,10/19/2020,11/2/2020,Business
4838,4/12/2020,4/14/2020,Business
7461,7/21/2020,7/26/2020,Business
9088,4/11/2020,4/21/2020,Business
9015,5/17/2020,5/18/2020,Business
9752,2/8/2020,2/17/2020,Business
6207,4/14/2020,4/24/2020,Business
6746,6/15/2020,6/29/2020,Business
5405,10/25/2020,11/4/2020,Business
4481,7/23/2020,7/25/2020,Business
3656,12/26/2020,1/2/2021,Business
6654,3/24/2020,4/2/2020,Business
8396,3/5/2020,3/18/2020,Business
5774,5/1/2020,5/10/2020,Business
2206,12/27/2020,1/9/2021,Business
1936,4/29/2020,5/7/2020,Business
7745,4/1/2020,4/5/2020,Business
1643,5/25/2020,6/3/2020,Business
3283,11/7/2020,11/21/2020,Business
4140,1/2/2020,1/11/2020,Business
9556,6/7/2020,6/10/2020,Business
3477,10/27/2020,11/4/2020,Business
1578,2/14/2020,2/19/2020,Business
9721,4/15/2020,4/20/2020,Business
4192,5/12/2020,5/18/2020,Business
2308,1/30/2020,2/2/2020,Business
6325,7/23/2020,8/2/2020,Business
4161,1/15/2020,1/21/2020,Business
4314,4/9/2020,4/12/2020,Business
1703,10/4/2020,10/14/2020,Business
4157,1/3/2020,1/16/2020,Business
6105,6/18/2020,6/28/2020,Business
1858,3/19/2020,3/22/2020,Business
5292,12/12/2020,12/14/2020,Business
3556,11/18/2020,11/29/2020,Business
7609,4/8/2020,4/20/2020,Business
4059,5/8/2020,5/21/2020,Business
3826,10/5/2020,10/13/2020,Business
3514,1/2/2020,1/5/2020,Business
2793,3/4/2020,3/9/2020,Business
9320,1/10/2020,1/11/2020,Business
5769,6/23/2020,6/25/2020,Business
6179,10/12/2020,10/23/2020,Business
4735,8/23/2020,9/5/2020,Business
2344,11/8/2020,11/13/2020,Business
9297,7/5/2020,7/16/2020,Business
4961,5/17/2020,5/21/2020,Business
2055,6/2/2020,6/5/2020,Business
8444,3/23/2020,3/25/2020,Business
6003,12/4/2020,12/11/2020,Business
8593,1/15/2020,1/27/2020,Business
6938,5/28/2020,6/1/2020,Business
8654,1/29/2020,2/4/2020,Business
2796,8/2/2020,8/7/2020,Business
9701,8/23/2020,8/29/2020,Business
2747,2/16/2020,2/25/2020,Business
2435,9/10/2020,9/20/2020,Business
3598,10/17/2020,10/24/2020,Business
7679,11/9/2020,11/23/2020,Business
2311,11/9/2020,11/21/2020,Business
5960,7/10/2020,7/13/2020,Business
2995,3/7/2020,3/14/2020,Business
5361,2/12/2020,2/17/2020,Business
3728,9/7/2020,9/11/2020,Business
8430,12/17/2020,12/29/2020,Business
1769,2/9/2020,2/21/2020,Business
9954,10/29/2020,11/12/2020,Business
9957,4/9/2020,4/15/2020,Business
2510,8/1/2020,8/14/2020,Business
4934,6/9/2020,6/17/2020,Business
1885,7/21/2020,7/28/2020,Business
3423,5/31/2020,6/9/2020,Business
8321,12/14/2020,12/19/2020,Business
2537,9/3/2020,9/10/2020,Business
6985,7/10/2020,7/14/2020,Business
4781,6/10/2020,6/15/2020,Business
8858,3/13/2020,3/20/2020,Business
3842,1/2/2020,1/13/2020,Business
2838,12/7/2020,12/19/2020,Business
5470,2/11/2020,2/16/2020,Business
2141,10/17/2020,10/31/2020,Business
8896,6/9/2020,6/19/2020,Business
8951,6/26/2020,6/27/2020,Business
9501,6/20/2020,6/29/2020,Business
9254,11/18/2020,11/28/2020,Business
6285,6/2/2020,6/7/2020,Business
8898,11/3/2020,11/9/2020,Business
1465,2/7/2020,2/16/2020,Business
4281,1/3/2020,1/6/2020,Business
7287,7/12/2020,7/19/2020,Business
4270,12/15/2020,12/19/2020,Business
1290,2/4/2020,2/14/2020,Business
9116,9/14/2020,9/23/2020,Business
6490,6/18/2020,6/20/2020,Business
2424,7/6/2020,7/14/2020,Business
5262,8/26/2020,8/31/2020,Business
3052,12/25/2020,1/2/2021,Business
4215,9/19/2020,10/1/2020,Business
8892,7/20/2020,7/29/2020,Business
6925,2/8/2020,2/9/2020,Business
3839,7/13/2020,7/24/2020,Business
1994,11/25/2020,11/27/2020,Business
3853,7/5/2020,7/18/2020,Business
4640,11/20/2020,12/4/2020,Business
4287,11/18/2020,12/2/2020,Business
5822,5/22/2020,5/27/2020,Business
1384,10/29/2020,11/11/2020,Business
2566,10/30/2020,11/3/2020,Business
3431,10/31/2020,11/14/2020,Business
4981,4/26/2020,5/8/2020,Business
7905,4/27/2020,5/11/2020,Business
5354,6/7/2020,6/16/2020,Business
8203,4/21/2020,5/1/2020,Business
6130,7/21/2020,7/24/2020,Business
1675,4/20/2020,5/4/2020,Business
2280,8/1/2020,8/11/2020,Business
4003,9/6/2020,9/11/2020,Business
4571,8/27/2020,9/6/2020,Business
2488,5/30/2020,6/2/2020,Business
4674,11/20/2020,11/29/2020,Business
8924,9/20/2020,9/26/2020,Business
5006,6/18/2020,7/2/2020,Business
6612,3/22/2020,3/30/2020,Business
9277,9/10/2020,9/15/2020,Business
3484,2/23/2020,2/28/2020,Business
5569,9/25/2020,10/5/2020,Business
5182,5/20/2020,5/25/2020,Business
1996,2/7/2020,2/18/2020,Business
1435,12/15/2020,12/16/2020,Business
8932,3/20/2020,3/25/2020,Business
9936,6/29/2020,7/1/2020,Business
4822,3/25/2020,3/31/2020,Business
3468,4/10/2020,4/20/2020,Business
2565,11/12/2020,11/19/2020,Business
4174,9/27/2020,9/29/2020,Business
3429,12/29/2020,1/2/2021,Business
5023,5/30/2020,6/3/2020,Business
9660,7/8/2020,7/18/2020,Business
6573,1/11/2020,1/22/2020,Business
5278,7/12/2020,7/20/2020,Business
9485,8/10/2020,8/12/2020,Business
4475,9/24/2020,10/3/2020,Business
2215,4/13/2020,4/25/2020,Business
6705,2/6/2020,2/19/2020,Business
7988,11/20/2020,11/28/2020,Business
3155,6/18/2020,7/2/2020,Business
3380,11/12/2020,11/13/2020,Business
4446,7/21/2020,7/28/2020,Business
1726,11/4/2020,11/14/2020,Business
4179,6/27/2020,7/11/2020,Business
5295,6/17/2020,6/25/2020,Business
4528,3/18/2020,3/30/2020,Business
9312,11/3/2020,11/4/2020,Business
3846,6/29/2020,7/9/2020,Business
5032,5/12/2020,5/24/2020,Business
9672,1/1/2020,1/4/2020,Business
5584,12/13/2020,12/20/2020,Business
1840,7/29/2020,8/8/2020,Business
6255,7/20/2020,7/27/2020,Premium
3617,7/15/2020,7/22/2020,Premium
8952,8/11/2020,8/18/2020,Premium
8998,8/13/2020,8/20/2020,Premium
1391,7/4/2020,7/11/2020,Premium
7746,7/7/2020,7/14/2020,Premium
9871,7/17/2020,7/24/2020,Premium
5809,7/6/2020,7/13/2020,Premium
8744,8/1/2020,8/8/2020,Premium
9383,8/31/2020,9/7/2020,Premium
1292,8/27/2020,9/3/2020,Premium
1160,7/1/2020,7/8/2020,Premium
5922,7/10/2020,7/17/2020,Premium
4334,7/20/2020,7/27/2020,Premium
3583,8/12/2020,8/19/2020,Premium
1908,8/14/2020,8/21/2020,Premium
9944,8/3/2020,8/10/2020,Premium
3158,7/31/2020,8/7/2020,Premium
3773,8/17/2020,8/24/2020,Premium
4220,8/29/2020,9/5/2020,Premium
1105,8/26/2020,9/2/2020,Premium
8149,8/10/2020,8/17/2020,Premium
8784,8/19/2020,8/26/2020,Premium
5246,7/17/2020,7/24/2020,Premium
2803,8/27/2020,9/3/2020,Premium
2997,8/6/2020,8/13/2020,Premium
2365,8/1/2020,8/8/2020,Premium
3094,8/13/2020,8/20/2020,Premium
4229,8/24/2020,8/31/2020,Premium
4591,8/7/2020,8/14/2020,Premium
9348,8/20/2020,8/27/2020,Premium
4405,8/19/2020,8/26/2020,Premium
1449,7/13/2020,7/20/2020,Premium
9733,8/29/2020,9/5/2020,Premium
9171,8/7/2020,8/14/2020,Premium
6691,7/26/2020,8/2/2020,Premium
2975,8/10/2020,8/17/2020,Premium
9676,7/6/2020,7/13/2020,Premium
5978,7/2/2020,7/9/2020,Premium
6181,8/5/2020,8/12/2020,Premium
2996,8/31/2020,9/7/2020,Premium
5770,7/25/2020,8/1/2020,Premium
7902,8/3/2020,8/10/2020,Premium
1051,8/16/2020,8/23/2020,Premium
8043,7/3/2020,7/10/2020,Premium
8170,7/29/2020,8/5/2020,Premium
8939,7/3/2020,7/10/2020,Premium
8427,7/7/2020,7/14/2020,Premium
9081,8/13/2020,8/20/2020,Premium
5449,8/12/2020,8/19/2020,Premium
7225,8/10/2020,8/17/2020,Premium
3644,8/8/2020,8/15/2020,Premium
7438,8/16/2020,8/23/2020,Premium
3919,7/22/2020,7/29/2020,Premium
1024,8/19/2020,8/26/2020,Premium
8899,8/15/2020,8/22/2020,Premium
7624,8/23/2020,8/30/2020,Premium
4379,8/18/2020,8/25/2020,Premium
7975,7/7/2020,7/14/2020,Premium
7151,8/25/2020,9/1/2020,Premium
2773,8/20/2020,8/27/2020,Premium
6368,8/29/2020,9/5/2020,Premium
2019,7/6/2020,7/13/2020,Premium
7090,8/23/2020,8/30/2020,Premium
4849,7/9/2020,7/16/2020,Premium
8811,7/6/2020,7/13/2020,Premium
6484,7/6/2020,7/13/2020,Premium
2630,8/7/2020,8/14/2020,Premium
3265,8/11/2020,8/18/2020,Premium
4657,7/26/2020,8/2/2020,Premium
3807,8/2/2020,8/9/2020,Premium
8250,7/8/2020,7/15/2020,Premium
1041,7/19/2020,7/26/2020,Premium
9505,7/9/2020,7/16/2020,Premium
2837,8/3/2020,8/10/2020,Premium
4590,8/11/2020,8/18/2020,Premium
2353,8/21/2020,8/28/2020,Premium
2033,7/17/2020,7/24/2020,Premium
7944,7/6/2020,7/13/2020,Premium
3295,8/12/2020,8/19/2020,Premium
9634,7/12/2020,7/19/2020,Premium
6307,8/19/2020,8/26/2020,Premium
8485,8/14/2020,8/21/2020,Premium
7162,7/19/2020,7/26/2020,Premium
1357,8/8/2020,8/15/2020,Premium
7652,7/11/2020,7/18/2020,Premium
3557,7/27/2020,8/3/2020,Premium
7211,8/10/2020,8/17/2020,Premium
6536,8/20/2020,8/27/2020,Premium
6090,8/26/2020,9/2/2020,Premium
2476,7/28/2020,8/4/2020,Premium
7780,8/9/2020,8/16/2020,Premium
4964,8/5/2020,8/12/2020,Premium
4890,8/29/2020,9/5/2020,Premium
9135,7/29/2020,8/5/2020,Premium
5080,7/20/2020,7/27/2020,Premium
5155,7/30/2020,8/6/2020,Premium
7357,7/26/2020,8/2/2020,Premium
8568,8/27/2020,9/3/2020,Premium
4032,8/9/2020,8/16/2020,Premium
6534,7/22/2020,7/29/2020,Premium
1032,8/20/2020,8/27/2020,Premium
1683,7/19/2020,7/26/2020,Premium
9390,8/15/2020,8/22/2020,Premium
3824,8/25/2020,9/1/2020,Premium
1324,8/10/2020,8/17/2020,Premium
3874,8/19/2020,8/26/2020,Premium
8139,7/11/2020,7/18/2020,Premium
3705,8/29/2020,9/5/2020,Premium
6564,8/3/2020,8/10/2020,Premium
9446,7/1/2020,7/8/2020,Premium
2478,7/28/2020,8/4/2020,Premium
4249,8/7/2020,8/14/2020,Premium
3859,8/15/2020,8/22/2020,Premium
8904,8/17/2020,8/24/2020,Premium
6317,7/27/2020,8/3/2020,Premium
1715,7/25/2020,8/1/2020,Premium
2905,7/6/2020,7/13/2020,Premium
2752,7/22/2020,7/29/2020,Premium
9756,7/17/2020,7/24/2020,Premium
9416,7/12/2020,7/19/2020,Premium
4541,7/19/2020,7/26/2020,Premium
8361,8/20/2020,8/27/2020,Premium
3576,7/18/2020,7/25/2020,Premium
8438,7/29/2020,8/5/2020,Premium
8105,8/11/2020,8/18/2020,Premium
3384,8/9/2020,8/16/2020,Premium
7423,7/29/2020,8/5/2020,Premium
7138,8/21/2020,8/28/2020,Premium
9790,8/7/2020,8/14/2020,Premium
5331,8/8/2020,8/15/2020,Premium
5753,8/23/2020,8/30/2020,Premium
4773,7/19/2020,7/26/2020,Premium
8187,7/13/2020,7/20/2020,Premium
6921,8/21/2020,8/28/2020,Premium
5422,8/19/2020,8/26/2020,Premium
7027,7/28/2020,8/4/2020,Premium
4370,7/5/2020,7/12/2020,Premium
9377,7/20/2020,7/27/2020,Premium
9338,7/8/2020,7/15/2020,Premium
3025,8/6/2020,8/13/2020,Premium
9759,7/19/2020,7/26/2020,Premium
7598,8/5/2020,8/12/2020,Premium
5877,7/24/2020,7/31/2020,Premium
1288,8/10/2020,8/17/2020,Premium
3881,7/9/2020,7/16/2020,Premium
8514,7/6/2020,7/13/2020,Premium
5146,7/29/2020,8/5/2020,Premium
7653,8/13/2020,8/20/2020,Premium
4566,8/24/2020,8/31/2020,Premium
8508,8/8/2020,8/15/2020,Premium
8753,7/19/2020,7/26/2020,Premium
3104,7/16/2020,7/23/2020,Premium
5236,7/10/2020,7/17/2020,Premium
6468,7/8/2020,7/15/2020,Premium
4826,8/29/2020,9/5/2020,Premium
6869,8/16/2020,8/23/2020,Premium
6037,8/1/2020,8/8/2020,Premium
8337,8/17/2020,8/24/2020,Premium
2517,7/13/2020,7/20/2020,Premium
4652,7/4/2020,7/11/2020,Premium
1854,7/23/2020,7/30/2020,Premium
9197,8/14/2020,8/21/2020,Premium
9782,7/20/2020,7/27/2020,Premium
8112,8/30/2020,9/6/2020,Premium
2708,7/12/2020,7/19/2020,Premium
7734,8/31/2020,9/7/2020,Premium
8107,8/21/2020,8/28/2020,Premium
3274,7/30/2020,8/6/2020,Premium
8381,8/10/2020,8/17/2020,Premium
9706,8/7/2020,8/14/2020,Premium
9992,7/9/2020,7/16/2020,Premium
5167,7/29/2020,8/5/2020,Premium
8973,7/22/2020,7/29/2020,Premium
8710,8/16/2020,8/23/2020,Premium
4874,8/19/2020,8/26/2020,Premium
4407,7/28/2020,8/4/2020,Premium
8191,7/18/2020,7/25/2020,Premium
8254,8/19/2020,8/26/2020,Premium
6596,8/15/2020,8/22/2020,Premium
3967,8/18/2020,8/25/2020,Premium
2721,7/30/2020,8/6/2020,Premium
8122,8/7/2020,8/14/2020,Premium
1322,8/22/2020,8/29/2020,Premium
5837,7/19/2020,7/26/2020,Premium
2900,7/20/2020,7/27/2020,Premium
3507,7/1/2020,7/8/2020,Premium
9656,8/8/2020,8/15/2020,Premium
7804,7/19/2020,7/26/2020,Premium
7965,8/26/2020,9/2/2020,Premium
6854,8/15/2020,8/22/2020,Premium
8989,7/20/2020,7/27/2020,Premium
9774,7/1/2020,7/8/2020,Premium
7348,8/15/2020,8/22/2020,Premium
9236,7/27/2020,8/3/2020,Premium
5187,8/11/2020,8/18/2020,Premium
5021,7/14/2020,7/21/2020,Premium
4825,8/20/2020,8/27/2020,Premium
2892,7/30/2020,8/6/2020,Premium
7695,8/15/2020,8/22/2020,Premium
2780,7/31/2020,8/7/2020,Premium
5572,7/23/2020,7/30/2020,Premium
2695,8/13/2020,8/20/2020,Premium
7864,7/7/2020,7/17/2020,Premium
8559,8/26/2020,9/5/2020,Premium
1818,8/24/2020,9/3/2020,Premium
3160,7/8/2020,7/18/2020,Premium
8963,7/22/2020,8/1/2020,Premium
4091,8/8/2020,8/18/2020,Premium
4919,7/12/2020,7/22/2020,Premium
2082,8/10/2020,8/20/2020,Premium
8253,8/29/2020,9/8/2020,Premium
6446,7/8/2020,7/18/2020,Premium
6587,8/5/2020,8/15/2020,Premium
3785,8/5/2020,8/15/2020,Premium
1673,8/27/2020,9/6/2020,Premium
3972,8/31/2020,9/10/2020,Premium
3746,8/6/2020,8/16/2020,Premium
6275,7/30/2020,8/9/2020,Premium
4991,8/30/2020,9/9/2020,Premium
1976,8/9/2020,8/19/2020,Premium
8424,7/22/2020,8/1/2020,Premium
4117,7/15/2020,7/25/2020,Premium
5267,7/17/2020,7/27/2020,Premium
1900,8/3/2020,8/13/2020,Premium
9286,8/24/2020,9/3/2020,Premium
2557,8/18/2020,8/28/2020,Premium
6525,8/13/2020,8/23/2020,Premium
2979,8/28/2020,9/7/2020,Premium
9435,7/4/2020,7/14/2020,Premium
7030,8/25/2020,9/4/2020,Premium
6683,7/9/2020,7/19/2020,Premium
2617,7/2/2020,7/12/2020,Premium
1770,8/9/2020,8/19/2020,Premium
3596,8/24/2020,9/3/2020,Premium
3064,8/10/2020,8/20/2020,Premium
2401,7/16/2020,7/26/2020,Premium
6812,8/28/2020,9/7/2020,Premium
9779,7/19/2020,7/29/2020,Premium
8278,7/19/2020,7/29/2020,Premium
7867,7/3/2020,7/13/2020,Premium
5510,7/18/2020,7/28/2020,Premium
1183,7/19/2020,7/29/2020,Premium
9194,8/7/2020,8/17/2020,Premium
3357,7/3/2020,7/13/2020,Premium
9988,7/22/2020,8/1/2020,Premium
9148,8/8/2020,8/18/2020,Premium
6010,8/16/2020,8/26/2020,Premium
7600,7/3/2020,7/13/2020,Premium
1164,8/27/2020,9/6/2020,Premium
7453,7/21/2020,7/31/2020,Premium
6724,7/29/2020,8/8/2020,Premium
9555,7/27/2020,8/6/2020,Premium
6640,7/6/2020,7/16/2020,Premium
7353,8/30/2020,9/9/2020,Premium
9057,8/6/2020,8/16/2020,Premium
3314,8/5/2020,8/15/2020,Premium
4614,8/22/2020,9/1/2020,Premium
9245,8/3/2020,8/13/2020,Premium
9820,7/23/2020,8/2/2020,Premium
5843,7/10/2020,7/20/2020,Premium
3202,7/2/2020,7/12/2020,Premium
7938,8/4/2020,8/14/2020,Premium
9745,7/25/2020,8/4/2020,Premium
5140,8/23/2020,9/2/2020,Premium
1082,7/24/2020,8/3/2020,Premium
9544,8/27/2020,9/6/2020,Premium
2822,8/15/2020,8/25/2020,Premium
6986,7/2/2020,7/12/2020,Premium
4804,7/14/2020,7/28/2020,Premium
4485,7/30/2020,8/13/2020,Premium
6802,7/20/2020,8/3/2020,Premium
3199,7/31/2020,8/14/2020,Premium
1218,8/27/2020,9/10/2020,Premium
2638,7/16/2020,7/30/2020,Premium
9029,8/3/2020,8/17/2020,Premium
6653,7/24/2020,8/7/2020,Premium
2668,7/22/2020,8/5/2020,Premium
1640,7/11/2020,7/25/2020,Premium
9689,8/23/2020,9/6/2020,Premium
7667,8/20/2020,9/3/2020,Premium
9510,7/17/2020,7/31/2020,Premium
4906,7/6/2020,7/20/2020,Premium
4772,8/14/2020,8/28/2020,Premium
4520,7/5/2020,7/19/2020,Premium
3114,8/14/2020,8/28/2020,Premium
1349,7/11/2020,7/25/2020,Premium
4197,8/27/2020,9/10/2020,Premium
8913,7/18/2020,8/1/2020,Premium
1622,7/6/2020,7/20/2020,Premium
5192,8/30/2020,9/13/2020,Premium
5807,8/29/2020,9/12/2020,Premium
4576,8/21/2020,9/4/2020,Premium
6853,7/14/2020,7/28/2020,Premium
2639,7/20/2020,8/3/2020,Premium
2573,7/31/2020,8/14/2020,Premium
6528,8/12/2020,8/26/2020,Premium
3012,7/5/2020,7/19/2020,Premium
1380,7/31/2020,8/14/2020,Premium
7277,7/4/2020,7/18/2020,Premium
4573,8/30/2020,9/13/2020,Premium
1867,8/23/2020,9/6/2020,Premium
3927,8/9/2020,8/23/2020,Premium
3061,8/22/2020,9/5/2020,Premium
4979,7/16/2020,7/30/2020,Premium
1988,7/18/2020,8/1/2020,Premium
5229,7/23/2020,8/6/2020,Premium
9528,7/23/2020,8/6/2020,Premium
8588,7/25/2020,8/8/2020,Premium
5084,7/13/2020,7/27/2020,Premium
5624,8/27/2020,9/10/2020,Premium
9653,7/21/2020,8/4/2020,Premium
5438,7/24/2020,8/7/2020,Premium
1072,8/8/2020,8/22/2020,Premium
1851,7/22/2020,8/5/2020,Premium
3394,8/5/2020,8/19/2020,Premium
4972,8/13/2020,8/27/2020,Premium
3308,8/9/2020,8/23/2020,Premium
2050,7/31/2020,8/14/2020,Premium
5964,8/21/2020,9/4/2020,Premium
4535,8/3/2020,8/17/2020,Premium
3573,8/24/2020,9/7/2020,Premium
4720,8/25/2020,9/8/2020,Premium
1087,8/16/2020,8/30/2020,Premium
9842,8/29/2020,9/12/2020,Premium
2498,7/23/2020,8/6/2020,Premium
1178,8/5/2020,8/19/2020,Premium
9684,8/25/2020,9/8/2020,Premium
7196,8/14/2020,8/28/2020,Premium
8800,7/29/2020,8/12/2020,Premium
9296,8/19/2020,9/2/2020,Premium
8481,8/5/2020,8/19/2020,Premium
7763,8/11/2020,8/25/2020,Premium
3545,8/7/2020,8/21/2020,Premium
3463,7/17/2020,7/31/2020,Premium
1026,7/26/2020,8/9/2020,Premium
3639,7/8/2020,7/22/2020,Premium
8379,8/28/2020,9/11/2020,Premium
7993,8/2/2020,8/16/2020,Premium
1302,7/14/2020,7/28/2020,Premium
7888,7/8/2020,7/22/2020,Premium
7995,7/3/2020,7/17/2020,Premium
4537,8/10/2020,8/24/2020,Premium
2145,8/30/2020,9/13/2020,Premium
6381,8/25/2020,9/8/2020,Premium
5803,7/6/2020,7/20/2020,Premium
2624,7/24/2020,8/7/2020,Premium
7100,7/29/2020,8/12/2020,Premium
7035,8/7/2020,8/21/2020,Premium
5616,8/26/2020,9/9/2020,Premium
2293,8/2/2020,8/16/2020,Premium
7960,8/21/2020,9/4/2020,Premium
1965,7/13/2020,7/27/2020,Premium
7267,7/31/2020,8/14/2020,Premium
8111,8/24/2020,9/7/2020,Premium
3635,7/24/2020,8/7/2020,Premium
3783,8/5/2020,8/19/2020,Premium
1963,8/11/2020,8/25/2020,Premium
7708,7/8/2020,7/22/2020,Premium
3863,7/16/2020,7/30/2020,Premium
4097,7/15/2020,7/29/2020,Premium
9310,8/9/2020,8/23/2020,Premium
1074,8/7/2020,8/21/2020,Premium
7872,7/8/2020,7/22/2020,Premium
2698,7/30/2020,8/13/2020,Premium
6858,8/17/2020,8/31/2020,Premium
5091,8/16/2020,8/30/2020,Premium
1193,8/24/2020,9/7/2020,Premium
2815,8/14/2020,8/28/2020,Premium
2371,7/7/2020,7/21/2020,Premium
3089,7/11/2020,7/25/2020,Premium
2395,8/10/2020,8/24/2020,Premium
3405,8/28/2020,9/11/2020,Premium
9899,7/22/2020,8/5/2020,Premium
1137,7/9/2020,7/23/2020,Premium
6324,7/9/2020,7/23/2020,Premium
1489,7/29/2020,8/12/2020,Premium
5416,7/8/2020,7/22/2020,Premium
4385,7/13/2020,7/27/2020,Premium
8884,8/8/2020,8/22/2020,Premium
9268,7/14/2020,7/28/2020,Premium
3733,8/4/2020,8/18/2020,Premium
7795,7/30/2020,8/13/2020,Premium
5064,8/22/2020,9/5/2020,Premium
8330,8/18/2020,9/1/2020,Premium
6343,7/1/2020,7/15/2020,Premium
6860,8/22/2020,9/5/2020,Premium
8656,7/28/2020,8/11/2020,Premium
4807,8/24/2020,9/7/2020,Premium
9163,8/23/2020,9/6/2020,Premium
8528,8/19/2020,9/2/2020,Premium
4848,8/29/2020,9/12/2020,Premium
6512,7/1/2020,7/15/2020,Premium
2768,7/14/2020,7/28/2020,Premium
2564,8/4/2020,8/18/2020,Premium
5378,8/4/2020,8/18/2020,Premium
9978,7/6/2020,7/20/2020,Premium
3058,8/26/2020,9/9/2020,Premium
7707,8/2/2020,8/16/2020,Premium
1889,7/30/2020,8/13/2020,Premium
4433,7/26/2020,8/9/2020,Premium
2969,7/9/2020,7/23/2020,Premium
6731,7/31/2020,8/14/2020,Premium
6012,7/16/2020,7/30/2020,Premium
8722,8/27/2020,9/10/2020,Premium
8097,7/29/2020,8/12/2020,Premium
6675,8/31/2020,9/14/2020,Premium
8365,7/31/2020,8/14/2020,Premium
4084,8/24/2020,9/7/2020,Premium
4601,8/22/2020,9/5/2020,Premium
7034,7/6/2020,7/20/2020,Premium
3036,7/22/2020,8/5/2020,Premium
4909,8/29/2020,9/12/2020,Premium
9256,8/9/2020,8/23/2020,Premium
1472,8/15/2020,8/29/2020,Premium
6686,8/8/2020,8/22/2020,Premium
5261,7/18/2020,8/1/2020,Premium
9860,8/14/2020,8/28/2020,Premium
4930,8/9/2020,8/23/2020,Premium
9270,7/26/2020,8/9/2020,Premium
1834,7/17/2020,7/31/2020,Premium
7711,7/29/2020,8/12/2020,Premium
7678,8/31/2020,9/14/2020,Premium
8194,7/30/2020,8/13/2020,Premium
7929,7/12/2020,7/26/2020,Premium
3460,8/10/2020,8/24/2020,Premium
6094,8/12/2020,8/26/2020,Premium
8360,8/31/2020,9/14/2020,Premium
2120,7/17/2020,7/31/2020,Premium
4941,7/10/2020,7/24/2020,Premium
6886,7/2/2020,7/16/2020,Premium
3088,7/16/2020,7/30/2020,Premium
6382,7/30/2020,8/13/2020,Premium
8268,8/19/2020,9/2/2020,Premium
7460,8/31/2020,9/14/2020,Premium
8885,8/10/2020,8/24/2020,Premium
1603,7/16/2020,7/30/2020,Premium
7582,8/17/2020,8/31/2020,Premium
4410,8/24/2020,9/7/2020,Premium
5050,7/3/2020,7/17/2020,Premium
9845,8/4/2020,8/18/2020,Premium
6009,8/7/2020,8/21/2020,Premium
1975,8/7/2020,8/14/2020,Senior
8908,7/10/2020,7/17/2020,Senior
4391,8/6/2020,8/13/2020,Senior
4705,8/4/2020,8/11/2020,Senior
6975,8/5/2020,8/12/2020,Senior
6919,7/7/2020,7/14/2020,Senior
9344,8/10/2020,8/17/2020,Senior
4109,8/1/2020,8/8/2020,Senior
6288,7/13/2020,7/20/2020,Senior
2410,8/29/2020,9/5/2020,Senior
9474,8/11/2020,8/18/2020,Senior
2994,7/18/2020,7/25/2020,Senior
5591,8/29/2020,9/5/2020,Senior
8985,7/10/2020,7/17/2020,Senior
6078,8/16/2020,8/23/2020,Senior
3636,8/18/2020,8/25/2020,Senior
5269,7/25/2020,8/1/2020,Senior
9142,7/9/2020,7/16/2020,Senior
1353,8/23/2020,8/30/2020,Senior
1926,7/19/2020,7/26/2020,Senior
9016,7/28/2020,8/4/2020,Senior
8351,7/11/2020,7/18/2020,Senior
5367,7/18/2020,7/25/2020,Senior
4240,7/4/2020,7/11/2020,Senior
2525,7/24/2020,7/31/2020,Senior
9739,7/1/2020,7/8/2020,Senior
7490,8/11/2020,8/18/2020,Senior
6216,8/4/2020,8/11/2020,Senior
3984,7/26/2020,8/2/2020,Senior
8407,7/9/2020,7/16/2020,Senior
8623,7/29/2020,8/5/2020,Senior
8323,7/21/2020,7/28/2020,Senior
9494,8/27/2020,9/3/2020,Senior
8169,8/13/2020,8/20/2020,Senior
3543,8/11/2020,8/18/2020,Senior
5221,7/1/2020,7/8/2020,Senior
6145,7/5/2020,7/12/2020,Senior
9857,8/9/2020,8/16/2020,Senior
4472,7/10/2020,7/17/2020,Senior
7101,8/26/2020,9/2/2020,Senior
7566,7/29/2020,8/5/2020,Senior
1098,7/25/2020,8/1/2020,Senior
8057,7/20/2020,7/27/2020,Senior
6376,7/15/2020,7/22/2020,Senior
5893,8/14/2020,8/21/2020,Senior
2235,7/14/2020,7/21/2020,Senior
5040,8/19/2020,8/26/2020,Senior
7821,7/17/2020,7/24/2020,Senior
7316,7/24/2020,7/31/2020,Senior
7067,7/20/2020,7/27/2020,Senior
3551,8/3/2020,8/10/2020,Senior
6758,8/7/2020,8/14/2020,Senior
7793,8/25/2020,9/1/2020,Senior
8974,7/31/2020,8/7/2020,Senior
9407,8/2/2020,8/9/2020,Senior
7627,8/9/2020,8/16/2020,Senior
7533,7/24/2020,7/31/2020,Senior
3280,8/14/2020,8/21/2020,Senior
8378,7/3/2020,7/10/2020,Senior
3989,7/24/2020,7/31/2020,Senior
9897,7/21/2020,7/28/2020,Senior
1754,8/28/2020,9/4/2020,Senior
1719,8/18/2020,8/25/2020,Senior
9441,7/29/2020,8/5/2020,Senior
8743,8/20/2020,8/27/2020,Senior
3549,8/30/2020,9/6/2020,Senior
7195,7/30/2020,8/6/2020,Senior
6479,8/4/2020,8/11/2020,Senior
2670,7/25/2020,8/1/2020,Senior
6346,7/29/2020,8/5/2020,Senior
8585,7/17/2020,7/24/2020,Senior
5511,7/22/2020,7/29/2020,Senior
2504,7/29/2020,8/5/2020,Senior
6680,8/26/2020,9/2/2020,Senior
3660,7/11/2020,7/18/2020,Senior
9805,7/11/2020,7/18/2020,Senior
1001,8/5/2020,8/12/2020,Senior
7557,8/28/2020,9/4/2020,Senior
9592,8/13/2020,8/20/2020,Senior
1370,7/24/2020,7/31/2020,Senior
4710,8/29/2020,9/5/2020,Senior
6726,7/20/2020,7/27/2020,Senior
3998,8/16/2020,8/23/2020,Senior
5142,8/4/2020,8/11/2020,Senior
8053,8/4/2020,8/11/2020,Senior
6308,7/13/2020,7/20/2020,Senior
5628,7/21/2020,7/28/2020,Senior
7996,8/9/2020,8/16/2020,Senior
6792,8/8/2020,8/15/2020,Senior
1010,8/22/2020,8/29/2020,Senior
4491,7/19/2020,7/26/2020,Senior
3739,8/29/2020,9/5/2020,Senior
8274,7/19/2020,7/26/2020,Senior
5489,8/5/2020,8/15/2020,Senior
9913,7/10/2020,7/20/2020,Senior
8993,7/6/2020,7/16/2020,Senior
7697,7/18/2020,7/28/2020,Senior
1906,8/16/2020,8/26/2020,Senior
4137,8/28/2020,9/7/2020,Senior
8503,8/13/2020,8/23/2020,Senior
3204,8/1/2020,8/11/2020,Senior
4596,7/14/2020,7/24/2020,Senior
8239,8/6/2020,8/16/2020,Senior
4892,7/20/2020,7/30/2020,Senior
8104,7/14/2020,7/24/2020,Senior
9380,8/12/2020,8/22/2020,Senior
1091,7/16/2020,7/26/2020,Senior
8937,8/19/2020,8/29/2020,Senior
4976,7/27/2020,8/6/2020,Senior
8611,7/14/2020,7/24/2020,Senior
5207,7/1/2020,7/11/2020,Senior
7636,8/2/2020,8/12/2020,Senior
2298,7/29/2020,8/8/2020,Senior
4164,7/13/2020,7/27/2020,Senior
4144,7/3/2020,7/17/2020,Senior
6113,7/14/2020,7/28/2020,Senior
1816,8/30/2020,9/13/2020,Senior
1166,7/18/2020,8/1/2020,Senior
8072,7/16/2020,7/30/2020,Senior
4706,7/14/2020,7/28/2020,Senior
6551,7/20/2020,8/3/2020,Senior
9778,7/31/2020,8/14/2020,Senior
5836,8/11/2020,8/25/2020,Senior
2960,8/23/2020,9/6/2020,Senior
2214,7/16/2020,7/30/2020,Senior
5420,8/26/2020,9/9/2020,Senior
9140,7/31/2020,8/14/2020,Senior
2857,7/2/2020,7/16/2020,Senior
8797,8/27/2020,9/10/2020,Senior
3344,8/19/2020,9/2/2020,Senior
5607,7/5/2020,7/19/2020,Senior
6110,7/30/2020,8/13/2020,Senior
9963,7/25/2020,8/8/2020,Senior
6045,8/21/2020,9/4/2020,Senior
3288,7/11/2020,7/25/2020,Senior
4388,8/10/2020,8/24/2020,Senior
4118,8/18/2020,9/1/2020,Senior
1748,8/19/2020,9/2/2020,Senior
9740,7/24/2020,8/7/2020,Senior
1063,8/15/2020,8/29/2020,Senior
7245,7/22/2020,8/5/2020,Senior
3215,8/10/2020,8/24/2020,Senior
8518,8/19/2020,9/2/2020,Senior
7111,7/15/2020,7/29/2020,Senior
4346,7/26/2020,8/9/2020,Senior
9793,8/10/2020,8/24/2020,Senior
9504,7/23/2020,8/6/2020,Senior
2937,8/17/2020,8/31/2020,Senior
6345,7/26/2020,8/9/2020,Senior
6798,7/12/2020,7/26/2020,Senior
7373,8/6/2020,8/20/2020,Senior
4532,8/17/2020,8/31/2020,Senior
9924,8/9/2020,8/23/2020,Senior
4045,7/29/2020,8/12/2020,Senior
3271,8/1/2020,8/15/2020,Senior
2769,8/14/2020,8/28/2020,Senior
7260,8/22/2020,9/5/2020,Senior
1436,8/7/2020,8/21/2020,Senior
6988,7/13/2020,7/27/2020,Senior
8905,8/17/2020,8/31/2020,Senior
7945,8/16/2020,8/30/2020,Senior
6742,8/9/2020,8/23/2020,Senior
5469,8/8/2020,8/22/2020,Senior
6436,7/17/2020,7/31/2020,Senior
7250,7/14/2020,7/28/2020,Senior
8549,7/15/2020,7/29/2020,Senior
4808,8/23/2020,9/6/2020,Senior
5222,7/7/2020,7/21/2020,Senior
2520,8/22/2020,9/5/2020,Senior
1077,7/6/2020,7/20/2020,Senior
5598,7/12/2020,7/26/2020,Senior
2800,7/13/2020,7/27/2020,Senior
5634,8/6/2020,8/20/2020,Senior
2942,7/16/2020,7/30/2020,Senior
2570,7/3/2020,7/17/2020,Senior
2499,7/2/2020,7/16/2020,Senior
5593,8/25/2020,9/8/2020,Senior
5253,8/13/2020,8/27/2020,Senior
5074,8/27/2020,9/10/2020,Senior
7165,8/18/2020,9/1/2020,Senior
8049,8/24/2020,9/7/2020,Senior
3191,8/8/2020,8/22/2020,Senior
2689,7/18/2020,8/1/2020,Senior
4248,7/22/2020,8/5/2020,Senior
8662,7/29/2020,8/5/2020,Standard
2903,7/10/2020,7/17/2020,Standard
5107,7/9/2020,7/16/2020,Standard
4454,8/15/2020,8/22/2020,Standard
9401,7/23/2020,7/30/2020,Standard
3805,7/14/2020,7/21/2020,Standard
5820,8/15/2020,8/22/2020,Standard
4820,7/28/2020,8/4/2020,Standard
6047,8/2/2020,8/9/2020,Standard
2578,8/22/2020,8/29/2020,Standard
4766,7/1/2020,7/8/2020,Standard
4135,7/6/2020,7/13/2020,Standard
5985,7/14/2020,7/21/2020,Standard
7987,7/22/2020,7/29/2020,Standard
1379,8/12/2020,8/19/2020,Standard
9097,7/1/2020,7/8/2020,Standard
9429,8/18/2020,8/25/2020,Standard
7136,8/10/2020,8/17/2020,Standard
3001,7/6/2020,7/13/2020,Standard
3086,7/13/2020,7/20/2020,Standard
9060,7/19/2020,7/26/2020,Standard
5696,7/31/2020,8/7/2020,Standard
3905,7/24/2020,7/31/2020,Standard
4685,7/22/2020,7/29/2020,Standard
3810,8/22/2020,8/29/2020,Standard
8249,8/27/2020,9/3/2020,Standard
8036,8/7/2020,8/14/2020,Standard
7193,7/24/2020,7/31/2020,Standard
4442,7/26/2020,8/2/2020,Standard
2005,8/24/2020,8/31/2020,Standard
5592,7/16/2020,7/23/2020,Standard
8547,8/20/2020,8/27/2020,Standard
5863,8/23/2020,8/30/2020,Standard
9290,8/1/2020,8/8/2020,Standard
4235,7/11/2020,7/18/2020,Standard
2070,7/6/2020,7/13/2020,Standard
6766,7/23/2020,7/30/2020,Standard
5938,7/19/2020,7/26/2020,Standard
8171,8/23/2020,8/30/2020,Standard
5669,7/24/2020,7/31/2020,Standard
5190,7/1/2020,7/8/2020,Standard
4190,8/31/2020,9/7/2020,Standard
7974,7/25/2020,8/1/2020,Standard
9180,7/22/2020,7/29/2020,Standard
4630,7/3/2020,7/10/2020,Standard
7063,7/27/2020,8/3/2020,Standard
1038,7/14/2020,7/21/2020,Standard
8113,8/2/2020,8/9/2020,Standard
6548,8/7/2020,8/14/2020,Standard
4715,7/5/2020,7/12/2020,Standard
8001,7/10/2020,7/17/2020,Standard
6582,8/24/2020,8/31/2020,Standard
4738,7/2/2020,7/9/2020,Standard
8596,8/21/2020,8/28/2020,Standard
8163,8/24/2020,8/31/2020,Standard
4138,7/19/2020,7/26/2020,Standard
3134,8/1/2020,8/8/2020,Standard
5141,7/9/2020,7/16/2020,Standard
8716,8/27/2020,9/3/2020,Standard
7594,7/4/2020,7/11/2020,Standard
5876,8/6/2020,8/13/2020,Standard
5707,8/18/2020,8/25/2020,Standard
1179,7/22/2020,7/29/2020,Standard
3553,7/9/2020,7/16/2020,Standard
7107,7/14/2020,7/21/2020,Standard
5185,8/25/2020,9/1/2020,Standard
4170,8/7/2020,8/14/2020,Standard
5712,7/8/2020,7/15/2020,Standard
4531,7/25/2020,8/1/2020,Standard
2275,7/1/2020,7/8/2020,Standard
1528,7/29/2020,8/5/2020,Standard
9996,7/23/2020,7/30/2020,Standard
4530,8/23/2020,8/30/2020,Standard
3466,7/27/2020,8/3/2020,Standard
5519,7/29/2020,8/5/2020,Standard
2663,8/9/2020,8/16/2020,Standard
9526,7/16/2020,7/23/2020,Standard
6789,8/2/2020,8/9/2020,Standard
2303,8/20/2020,8/27/2020,Standard
4645,8/20/2020,8/27/2020,Standard
5199,7/14/2020,7/21/2020,Standard
7186,8/17/2020,8/24/2020,Standard
8785,8/21/2020,8/28/2020,Standard
2156,7/27/2020,8/3/2020,Standard
2932,8/19/2020,8/26/2020,Standard
7292,8/27/2020,9/3/2020,Standard
9579,7/16/2020,7/23/2020,Standard
3092,7/17/2020,7/24/2020,Standard
9932,8/29/2020,9/5/2020,Standard
2843,7/25/2020,8/1/2020,Standard
8731,7/6/2020,7/13/2020,Standard
9191,8/11/2020,8/18/2020,Standard
7568,7/13/2020,7/20/2020,Standard
8070,7/7/2020,7/14/2020,Standard
6260,8/8/2020,8/15/2020,Standard
2692,8/29/2020,9/5/2020,Standard
2094,7/22/2020,7/29/2020,Standard
9063,7/22/2020,7/29/2020,Standard
1979,7/1/2020,7/8/2020,Standard
1665,7/20/2020,7/27/2020,Standard
7815,8/5/2020,8/12/2020,Standard
7970,7/13/2020,7/20/2020,Standard
7985,8/24/2020,8/31/2020,Standard
6608,7/4/2020,7/11/2020,Standard
6672,8/24/2020,8/31/2020,Standard
8476,8/17/2020,8/24/2020,Standard
5991,8/8/2020,8/15/2020,Standard
4487,8/1/2020,8/8/2020,Standard
9603,7/3/2020,7/10/2020,Standard
4062,7/15/2020,7/22/2020,Standard
2788,7/5/2020,7/12/2020,Standard
7003,8/20/2020,8/27/2020,Standard
8698,8/30/2020,9/6/2020,Standard
2601,8/24/2020,8/31/2020,Standard
4905,7/18/2020,7/25/2020,Standard
3324,8/24/2020,8/31/2020,Standard
8567,8/11/2020,8/18/2020,Standard
6371,7/26/2020,8/2/2020,Standard
3008,7/31/2020,8/7/2020,Standard
4628,8/24/2020,8/31/2020,Standard
3995,7/30/2020,8/6/2020,Standard
1699,7/2/2020,7/9/2020,Standard
7449,8/3/2020,8/10/2020,Standard
1481,8/14/2020,8/21/2020,Standard
6224,7/28/2020,8/4/2020,Standard
2089,7/21/2020,7/28/2020,Standard
8736,7/28/2020,8/4/2020,Standard
5053,8/26/2020,9/2/2020,Standard
7492,7/28/2020,8/4/2020,Standard
7808,8/30/2020,9/6/2020,Standard
9036,7/2/2020,7/9/2020,Standard
4688,8/29/2020,9/5/2020,Standard
9981,8/10/2020,8/17/2020,Standard
3365,8/23/2020,8/30/2020,Standard
7248,7/7/2020,7/14/2020,Standard
7217,7/12/2020,7/19/2020,Standard
1836,8/30/2020,9/6/2020,Standard
4896,7/25/2020,8/1/2020,Standard
5944,7/22/2020,7/29/2020,Standard
4525,8/30/2020,9/6/2020,Standard
2122,7/9/2020,7/16/2020,Standard
7670,7/17/2020,7/24/2020,Standard
2393,8/27/2020,9/3/2020,Standard
1895,8/21/2020,8/28/2020,Standard
4888,7/14/2020,7/21/2020,Standard
2455,8/9/2020,8/16/2020,Standard
3451,7/16/2020,7/23/2020,Standard
3241,7/14/2020,7/21/2020,Standard
1937,8/9/2020,8/16/2020,Standard
1883,8/19/2020,8/26/2020,Standard
2024,8/11/2020,8/18/2020,Standard
9363,7/21/2020,7/28/2020,Standard
4508,7/20/2020,7/27/2020,Standard
3762,7/18/2020,7/25/2020,Standard
3151,8/3/2020,8/10/2020,Standard
4829,7/18/2020,7/25/2020,Standard
5273,8/15/2020,8/22/2020,Standard
7893,8/12/2020,8/19/2020,Standard
4518,7/31/2020,8/7/2020,Standard
9330,7/18/2020,7/25/2020,Standard
1825,7/28/2020,8/4/2020,Standard
7220,8/9/2020,8/16/2020,Standard
8718,8/6/2020,8/13/2020,Standard
4751,7/30/2020,8/6/2020,Standard
7802,7/28/2020,8/4/2020,Standard
7327,8/27/2020,9/3/2020,Standard
5212,7/6/2020,7/13/2020,Standard
4864,8/5/2020,8/12/2020,Standard
6389,8/12/2020,8/19/2020,Standard
5538,8/16/2020,8/23/2020,Standard
2220,8/29/2020,9/5/2020,Standard
1759,7/30/2020,8/6/2020,Standard
2450,8/19/2020,8/26/2020,Standard
5798,8/5/2020,8/12/2020,Standard
1355,8/30/2020,9/6/2020,Standard
1888,7/23/2020,7/30/2020,Standard
5793,8/16/2020,8/23/2020,Standard
3588,8/26/2020,9/2/2020,Standard
4086,8/18/2020,8/25/2020,Standard
2067,7/23/2020,7/30/2020,Standard
1273,7/26/2020,8/2/2020,Standard
3138,8/23/2020,8/30/2020,Standard
1321,8/19/2020,8/26/2020,Standard
8232,7/19/2020,7/26/2020,Standard
8002,8/23/2020,8/30/2020,Standard
4178,8/8/2020,8/15/2020,Standard
8833,7/22/2020,7/29/2020,Standard
9482,7/24/2020,7/31/2020,Standard
1124,7/19/2020,7/26/2020,Standard
4617,8/10/2020,8/17/2020,Standard
3599,7/21/2020,7/28/2020,Standard
6055,8/22/2020,8/29/2020,Standard
4266,8/18/2020,8/25/2020,Standard
2954,8/22/2020,8/29/2020,Standard
2542,8/11/2020,8/18/2020,Standard
1653,8/8/2020,8/15/2020,Standard
3633,7/4/2020,7/11/2020,Standard
8534,8/1/2020,8/8/2020,Standard
8015,8/3/2020,8/10/2020,Standard
5044,7/14/2020,7/21/2020,Standard
1625,7/4/2020,7/14/2020,Standard
8632,7/29/2020,8/8/2020,Standard
9548,7/30/2020,8/9/2020,Standard
1286,8/11/2020,8/21/2020,Standard
7253,7/29/2020,8/8/2020,Standard
9614,8/19/2020,8/29/2020,Standard
8291,7/22/2020,8/1/2020,Standard
4698,7/15/2020,7/25/2020,Standard
5463,7/7/2020,7/17/2020,Standard
3661,7/3/2020,7/13/2020,Standard
4419,7/11/2020,7/21/2020,Standard
5730,8/11/2020,8/21/2020,Standard
5943,7/1/2020,7/11/2020,Standard
2685,7/31/2020,8/10/2020,Standard
2743,8/7/2020,8/17/2020,Standard
1692,7/24/2020,8/3/2020,Standard
1752,7/3/2020,7/13/2020,Standard
8936,7/22/2020,8/1/2020,Standard
5768,8/5/2020,8/15/2020,Standard
9397,8/27/2020,9/6/2020,Standard
6588,8/29/2020,9/8/2020,Standard
1191,8/22/2020,9/1/2020,Standard
8488,7/2/2020,7/12/2020,Standard
7293,8/29/2020,9/8/2020,Standard
2493,7/20/2020,7/30/2020,Standard
9141,7/16/2020,7/26/2020,Standard
6028,7/16/2020,7/26/2020,Standard
2259,7/5/2020,7/15/2020,Standard
8147,8/12/2020,8/22/2020,Standard
9026,8/30/2020,9/9/2020,Standard
8757,7/27/2020,8/6/2020,Standard
9675,8/16/2020,8/26/2020,Standard
1346,8/12/2020,8/22/2020,Standard
7477,7/22/2020,8/1/2020,Standard
3448,8/27/2020,9/6/2020,Standard
9623,8/19/2020,8/29/2020,Standard
2765,7/13/2020,7/23/2020,Standard
9977,7/24/2020,8/3/2020,Standard
4728,7/31/2020,8/10/2020,Standard
9398,7/19/2020,7/29/2020,Standard
4669,8/25/2020,9/4/2020,Standard
6589,7/4/2020,7/14/2020,Standard
8970,7/12/2020,7/22/2020,Standard
7608,8/26/2020,9/5/2020,Standard
9948,7/21/2020,7/31/2020,Standard
8465,7/23/2020,8/2/2020,Standard
2290,7/8/2020,7/18/2020,Standard
5121,7/4/2020,7/14/2020,Standard
3115,7/12/2020,7/22/2020,Standard
7619,8/18/2020,8/28/2020,Standard
7727,7/23/2020,8/2/2020,Standard
3234,7/9/2020,7/19/2020,Standard
3816,7/19/2020,7/29/2020,Standard
1826,7/11/2020,7/21/2020,Standard
6096,7/29/2020,8/8/2020,Standard
4065,7/9/2020,7/19/2020,Standard
3953,7/14/2020,7/24/2020,Standard
1910,8/5/2020,8/15/2020,Standard
4539,7/19/2020,7/29/2020,Standard
1264,8/25/2020,9/4/2020,Standard
5739,7/30/2020,8/9/2020,Standard
3959,7/5/2020,7/15/2020,Standard
8719,7/11/2020,7/21/2020,Standard
8851,7/19/2020,7/29/2020,Standard
1957,7/22/2020,8/1/2020,Standard
3074,7/27/2020,8/10/2020,Standard
7181,8/3/2020,8/17/2020,Standard
6591,8/16/2020,8/30/2020,Standard
6217,8/12/2020,8/26/2020,Standard
6177,7/22/2020,8/5/2020,Standard
6615,7/5/2020,7/19/2020,Standard
3828,7/8/2020,7/22/2020,Standard
1971,7/17/2020,7/31/2020,Standard
6637,8/10/2020,8/24/2020,Standard
4779,8/12/2020,8/26/2020,Standard
6603,8/4/2020,8/18/2020,Standard
6768,7/13/2020,7/27/2020,Standard
9553,7/18/2020,8/1/2020,Standard
5249,8/9/2020,8/23/2020,Standard
7172,8/20/2020,9/3/2020,Standard
3515,7/5/2020,7/19/2020,Standard
8759,7/20/2020,8/3/2020,Standard
4718,8/16/2020,8/30/2020,Standard
3340,7/17/2020,7/31/2020,Standard
6902,8/1/2020,8/15/2020,Standard
2364,8/30/2020,9/13/2020,Standard
9361,8/18/2020,9/1/2020,Standard
8994,7/12/2020,7/26/2020,Standard
1513,8/24/2020,9/7/2020,Standard
2132,7/24/2020,8/7/2020,Standard
7132,8/23/2020,9/6/2020,Standard
4613,8/13/2020,8/27/2020,Standard
1345,8/4/2020,8/18/2020,Standard
9333,7/13/2020,7/27/2020,Standard
5879,8/13/2020,8/27/2020,Standard
5241,8/22/2020,9/5/2020,Standard
7873,8/9/2020,8/23/2020,Standard
1335,8/19/2020,9/2/2020,Standard
7206,8/26/2020,9/9/2020,Standard
1021,8/20/2020,9/3/2020,Standard
9847,7/17/2020,7/31/2020,Standard
4452,7/3/2020,7/17/2020,Standard
8302,7/28/2020,8/11/2020,Standard
1006,7/14/2020,7/28/2020,Standard
3566,8/11/2020,8/25/2020,Standard
6257,7/10/2020,7/24/2020,Standard
6249,8/1/2020,8/15/2020,Standard
3102,8/24/2020,9/7/2020,Standard
4977,7/5/2020,7/19/2020,Standard
8626,8/21/2020,9/4/2020,Standard
6855,8/18/2020,9/1/2020,Standard
1333,7/24/2020,8/7/2020,Standard
3609,8/25/2020,9/8/2020,Standard
9927,7/11/2020,7/25/2020,Standard
9392,7/19/2020,8/2/2020,Standard
6322,8/3/2020,8/17/2020,Standard
5958,7/23/2020,8/6/2020,Standard
3367,7/27/2020,8/10/2020,Standard
2985,8/11/2020,8/25/2020,Standard
6018,7/7/2020,7/21/2020,Standard
5833,8/15/2020,8/29/2020,Standard
9045,7/23/2020,8/6/2020,Standard
4963,8/11/2020,8/25/2020,Standard
8563,7/31/2020,8/14/2020,Standard
1066,8/24/2020,9/7/2020,Standard
3100,7/15/2020,7/29/2020,Standard
7147,7/16/2020,7/30/2020,Standard
6439,8/11/2020,8/25/2020,Standard
2017,8/19/2020,9/2/2020,Standard
3891,7/14/2020,7/28/2020,Standard
8478,8/15/2020,8/29/2020,Standard
7096,7/7/2020,7/21/2020,Standard
5082,7/4/2020,7/18/2020,Standard
7424,8/10/2020,8/24/2020,Standard
6544,8/12/2020,8/26/2020,Standard
9499,7/30/2020,8/13/2020,Standard
4717,7/7/2020,7/21/2020,Standard
8558,8/14/2020,8/28/2020,Standard
7972,7/6/2020,7/20/2020,Standard
2026,8/6/2020,8/20/2020,Standard
4946,7/29/2020,8/12/2020,Standard
8889,8/5/2020,8/19/2020,Standard
4561,7/21/2020,8/4/2020,Standard
6356,7/4/2020,7/18/2020,Standard
2505,8/5/2020,8/19/2020,Standard
7863,8/11/2020,8/25/2020,Standard
9496,8/21/2020,9/4/2020,Standard
1925,8/20/2020,9/3/2020,Standard
8184,7/8/2020,7/22/2020,Standard
6488,7/22/2020,8/5/2020,Standard
3797,7/4/2020,7/18/2020,Standard
1017,7/7/2020,7/21/2020,Standard
2358,8/5/2020,8/19/2020,Standard
2480,8/27/2020,9/10/2020,Standard
1773,7/12/2020,7/26/2020,Standard
1874,7/12/2020,7/26/2020,Standard
8955,7/13/2020,7/27/2020,Standard
9654,8/17/2020,8/31/2020,Standard
6303,8/1/2020,8/15/2020,Standard
9519,8/6/2020,8/20/2020,Standard
6579,7/14/2020,7/28/2020,Standard
1765,7/27/2020,8/10/2020,Standard
3742,8/16/2020,8/30/2020,Standard
1434,7/3/2020,7/17/2020,Standard
7585,8/8/2020,8/22/2020,Standard
9449,8/25/2020,9/8/2020,Standard
4163,8/10/2020,8/24/2020,Standard
7732,8/12/2020,8/26/2020,Standard
2988,8/12/2020,8/26/2020,Standard
4044,8/7/2020,8/21/2020,Standard
3376,8/15/2020,8/29/2020,Standard
9269,7/31/2020,8/14/2020,Standard
6756,7/1/2020,7/15/2020,Standard
1573,8/20/2020,9/3/2020,Standard
2835,8/13/2020,8/27/2020,Standard
6805,7/12/2020,7/26/2020,Standard
2821,7/27/2020,8/10/2020,Standard
7551,8/27/2020,9/10/2020,Standard
9655,7/29/2020,8/12/2020,Standard
5904,8/15/2020,8/29/2020,Standard
4675,7/18/2020,8/1/2020,Standard
2883,7/1/2020,7/15/2020,Standard
3028,7/14/2020,7/28/2020,Standard
2894,7/3/2020,7/17/2020,Standard
8218,7/30/2020,8/13/2020,Standard
9984,7/5/2020,7/19/2020,Standard
2528,8/27/2020,9/10/2020,Standard
8327,8/15/2020,8/29/2020,Standard
1706,8/4/2020,8/18/2020,Standard
9235,7/27/2020,8/10/2020,Standard
9022,8/25/2020,9/8/2020,Standard
9440,7/12/2020,7/26/2020,Standard
9582,8/12/2020,8/26/2020,Standard
9025,7/1/2020,7/15/2020,Standard
3568,7/7/2020,7/21/2020,Standard
7418,7/12/2020,7/26/2020,Standard
4898,8/28/2020,9/11/2020,Standard
8726,7/15/2020,7/29/2020,Standard
3861,7/19/2020,8/2/2020,Standard
9089,7/31/2020,8/14/2020,Standard
3120,7/25/2020,8/8/2020,Standard
3954,7/1/2020,7/15/2020,Standard
2833,7/11/2020,7/25/2020,Standard
4973,7/11/2020,7/25/2020,Standard
2507,7/24/2020,8/7/2020,Standard
8285,7/9/2020,7/23/2020,Standard
5429,8/20/2020,9/3/2020,Standard
4339,8/20/2020,9/3/2020,Standard
5169,7/18/2020,8/1/2020,Standard
7606,8/19/2020,9/2/2020,Standard
4233,8/15/2020,8/29/2020,Standard
5995,8/4/2020,8/18/2020,Standard
3400,8/26/2020,9/9/2020,Standard
8541,7/1/2020,7/15/2020,Standard
5717,7/17/2020,7/31/2020,Standard
3379,8/16/2020,8/30/2020,Standard
5954,7/5/2020,7/19/2020,Standard
8157,8/26/2020,9/9/2020,Standard
3250,7/5/2020,7/19/2020,Standard
3309,8/6/2020,8/20/2020,Standard
9599,8/22/2020,9/5/2020,Standard
4428,8/1/2020,8/15/2020,Standard
1753,8/26/2020,9/9/2020,Standard
6481,7/18/2020,8/1/2020,Standard
7482,8/29/2020,9/12/2020,Standard
8606,7/31/2020,8/14/2020,Standard
3386,8/5/2020,8/19/2020,Standard
3128,8/14/2020,8/28/2020,Standard
9287,8/18/2020,9/1/2020,Standard
5502,8/8/2020,8/22/2020,Standard
3652,7/3/2020,7/17/2020,Standard
2361,7/29/2020,8/12/2020,Standard
4058,7/18/2020,8/1/2020,Standard
7058,7/3/2020,7/17/2020,Standard
5875,8/8/2020,8/22/2020,Standard
8817,8/16/2020,8/30/2020,Standard
7203,8/31/2020,9/14/2020,Standard
8681,7/18/2020,8/1/2020,Standard
9930,7/16/2020,7/30/2020,Standard
7536,8/16/2020,8/30/2020,Standard
6402,8/15/2020,8/29/2020,Standard
5203,7/16/2020,7/30/2020,Standard
4123,7/21/2020,8/4/2020,Standard
9749,7/26/2020,8/9/2020,Standard
1385,8/28/2020,9/11/2020,Standard
2710,7/25/2020,8/8/2020,Standard
1362,8/19/2020,9/2/2020,Standard
8551,8/7/2020,8/21/2020,Standard
7761,7/12/2020,7/26/2020,Standard
3154,8/23/2020,9/6/2020,Standard
8887,8/17/2020,8/31/2020,Standard
1574,8/7/2020,8/21/2020,Standard
1781,7/8/2020,7/22/2020,Standard
6299,8/21/2020,9/4/2020,Standard
3282,7/20/2020,8/3/2020,Standard
6568,8/20/2020,9/3/2020,Standard
7283,8/21/2020,9/4/2020,Standard
8202,8/7/2020,8/21/2020,Standard
8979,8/20/2020,9/3/2020,Standard
6899,8/6/2020,8/20/2020,Standard
6053,7/4/2020,7/18/2020,Standard
7816,8/9/2020,8/23/2020,Standard
9606,7/9/2020,7/23/2020,Standard
1821,8/1/2020,8/15/2020,Standard
3650,7/10/2020,7/24/2020,Standard
4153,7/1/2020,7/15/2020,Standard
2984,7/29/2020,8/12/2020,Standard
1794,7/7/2020,7/21/2020,Standard
1813,8/4/2020,8/18/2020,Standard
5419,7/17/2020,7/31/2020,Standard
4953,7/4/2020,7/18/2020,Standard
5802,8/9/2020,8/23/2020,Standard
7268,8/16/2020,8/30/2020,Standard
9668,7/12/2020,7/26/2020,Standard
7469,8/30/2020,9/13/2020,Standard
5911,8/14/2020,8/28/2020,Standard
6415,8/20/2020,9/3/2020,Standard
